timestamp,electricity_price,temperature,production_load,historical_energy_usage
2026-01-01T00:00,0.915,-3.8,low,121.37
2026-01-01T01:00,0.977,-4.9,low,112.75
2026-01-01T02:00,0.917,-3.5,low,117.48
2026-01-01T03:00,0.937,-2.8,medium,150.58
2026-01-01T04:00,0.982,-1.2,medium,148.06
2026-01-01T05:00,1.053,-2.5,low,110.8
2026-01-01T06:00,1.194,-1.7,low,151.64
2026-01-01T07:00,1.309,-2.3,high,197.69
2026-01-01T08:00,1.211,-0.4,medium,155.79
2026-01-01T09:00,1.202,-0.7,medium,158.99
2026-01-01T10:00,1.067,1.4,medium,159.25
2026-01-01T11:00,0.929,2.3,medium,159.37
2026-01-01T12:00,0.794,1.7,medium,159.86
2026-01-01T13:00,0.818,4.3,medium,147.47
2026-01-01T14:00,0.875,4.3,low,111.89
2026-01-01T15:00,1.056,1.3,medium,154.76
2026-01-01T16:00,1.204,-0.0,medium,168.9
2026-01-01T17:00,1.352,1.0,high,197.14
2026-01-01T18:00,1.454,-0.4,medium,155.93
2026-01-01T19:00,1.441,-1.4,medium,169.92
2026-01-01T20:00,1.239,-1.7,medium,174.13
2026-01-01T21:00,1.098,-1.3,medium,187.19
2026-01-01T22:00,1.021,-2.6,low,139.12
2026-01-01T23:00,0.909,-3.7,medium,146.94
2026-01-02T00:00,0.963,-3.5,high,178.38
2026-01-02T01:00,0.917,-4.0,medium,138.66
2026-01-02T02:00,0.919,-1.8,low,107.82
2026-01-02T03:00,0.952,-0.8,low,107.08
2026-01-02T04:00,0.951,-2.7,high,178.27
2026-01-02T05:00,1.029,-3.1,low,111.67
2026-01-02T06:00,1.167,-2.7,medium,172.78
2026-01-02T07:00,1.271,-0.5,high,199.16
2026-01-02T08:00,1.35,-1.2,medium,178.44
2026-01-02T09:00,1.249,1.7,medium,158.13
2026-01-02T10:00,1.124,2.7,high,192.19
2026-01-02T11:00,0.944,1.5,high,190.51
2026-01-02T12:00,0.794,3.1,medium,153.96
2026-01-02T13:00,0.768,1.3,medium,176.66
2026-01-02T14:00,0.809,3.2,low,128.08
2026-01-02T15:00,1.014,1.6,medium,156.94
2026-01-02T16:00,1.215,2.6,medium,164.99
2026-01-02T17:00,1.307,2.0,medium,159.61
2026-01-02T18:00,1.436,1.0,high,187.59
2026-01-02T19:00,1.376,0.1,low,127.69
2026-01-02T20:00,1.295,-0.5,medium,157.16
2026-01-02T21:00,1.131,-3.6,low,135.15
2026-01-02T22:00,0.986,-2.1,high,203.11
2026-01-02T23:00,0.977,-4.4,low,123.45
2026-01-03T00:00,0.82,-0.7,medium,140.84
2026-01-03T01:00,0.787,0.8,medium,138.07
2026-01-03T02:00,0.903,-3.9,medium,149.95
2026-01-03T03:00,0.872,-2.8,low,121.99
2026-01-03T04:00,0.8,-0.2,low,109.41
2026-01-03T05:00,0.912,-4.6,high,187.56
2026-01-03T06:00,1.011,-1.8,low,139.13
2026-01-03T07:00,1.259,-1.6,medium,166.11
2026-01-03T08:00,1.246,1.1,medium,162.67
2026-01-03T09:00,1.107,1.8,low,131.38
2026-01-03T10:00,0.927,0.9,low,143.0
2026-01-03T11:00,0.866,2.5,medium,163.57
2026-01-03T12:00,0.675,3.6,medium,156.22
2026-01-03T13:00,0.682,2.7,low,124.96
2026-01-03T14:00,0.734,1.9,low,131.57
2026-01-03T15:00,0.869,-1.7,high,207.08
2026-01-03T16:00,1.092,2.3,low,140.51
2026-01-03T17:00,1.217,2.1,low,127.14
2026-01-03T18:00,1.36,-1.1,medium,175.69
2026-01-03T19:00,1.289,1.9,low,132.0
2026-01-03T20:00,1.121,-3.6,low,150.95
2026-01-03T21:00,1.03,-2.8,medium,171.75
2026-01-03T22:00,0.907,-3.4,medium,174.39
2026-01-03T23:00,0.894,-1.2,low,105.33
2026-01-04T00:00,0.795,-2.8,low,117.7
2026-01-04T01:00,0.771,-3.5,medium,154.53
2026-01-04T02:00,0.82,-3.2,low,126.69
2026-01-04T03:00,0.786,-5.1,medium,147.71
2026-01-04T04:00,0.884,-1.9,low,121.73
2026-01-04T05:00,0.913,-0.1,low,99.01
2026-01-04T06:00,1.064,-0.5,medium,169.85
2026-01-04T07:00,1.147,-0.7,high,196.52
2026-01-04T08:00,1.265,-1.8,medium,170.95
2026-01-04T09:00,1.118,1.3,high,187.35
2026-01-04T10:00,0.993,-0.2,medium,163.8
2026-01-04T11:00,0.877,4.5,high,189.18
2026-01-04T12:00,0.727,5.1,medium,144.61
2026-01-04T13:00,0.75,3.0,low,129.03
2026-01-04T14:00,0.715,5.0,high,179.01
2026-01-04T15:00,0.932,-0.1,medium,173.81
2026-01-04T16:00,1.086,1.9,high,196.68
2026-01-04T17:00,1.327,1.4,medium,162.48
2026-01-04T18:00,1.328,-0.4,medium,160.04
2026-01-04T19:00,1.291,-1.0,medium,165.46
2026-01-04T20:00,1.244,-1.0,medium,165.63
2026-01-04T21:00,0.962,-2.3,low,140.47
2026-01-04T22:00,0.896,-3.4,low,153.46
2026-01-04T23:00,0.808,-3.3,medium,149.19
2026-01-05T00:00,0.896,-2.6,low,104.4
2026-01-05T01:00,0.961,-4.4,medium,137.66
2026-01-05T02:00,0.91,-1.7,low,111.78
2026-01-05T03:00,0.973,-4.4,medium,144.33
2026-01-05T04:00,0.951,-2.0,medium,148.69
2026-01-05T05:00,1.014,-1.4,medium,140.79
2026-01-05T06:00,1.143,-1.7,medium,169.7
2026-01-05T07:00,1.218,0.1,low,141.03
2026-01-05T08:00,1.304,2.1,high,194.82
2026-01-05T09:00,1.24,1.0,medium,158.4
2026-01-05T10:00,1.044,2.2,medium,166.25
2026-01-05T11:00,0.917,2.8,medium,152.73
2026-01-05T12:00,0.855,5.7,medium,149.85
2026-01-05T13:00,0.8,3.9,high,179.08
2026-01-05T14:00,0.797,-0.1,medium,175.47
2026-01-05T15:00,0.96,1.2,medium,154.5
2026-01-05T16:00,1.192,0.9,high,193.46
2026-01-05T17:00,1.306,1.5,medium,163.61
2026-01-05T18:00,1.436,-0.7,medium,166.07
2026-01-05T19:00,1.407,-0.3,medium,169.37
2026-01-05T20:00,1.246,-1.1,low,138.03
2026-01-05T21:00,1.068,-0.5,medium,168.14
2026-01-05T22:00,0.991,-1.9,medium,176.36
2026-01-05T23:00,0.928,-3.6,medium,135.62
2026-01-06T00:00,0.917,-3.0,low,117.28
2026-01-06T01:00,0.852,-2.0,medium,138.8
2026-01-06T02:00,0.879,-3.5,low,119.95
2026-01-06T03:00,0.974,-1.7,medium,140.39
2026-01-06T04:00,0.956,-1.8,medium,145.31
2026-01-06T05:00,1.085,-0.4,medium,136.3
2026-01-06T06:00,1.213,-0.5,low,137.44
2026-01-06T07:00,1.273,-0.6,medium,168.57
2026-01-06T08:00,1.305,-0.3,high,199.49
2026-01-06T09:00,1.2,1.9,medium,158.79
2026-01-06T10:00,1.103,2.3,medium,158.36
2026-01-06T11:00,0.866,2.9,low,114.88
2026-01-06T12:00,0.836,3.2,low,123.83
2026-01-06T13:00,0.752,3.6,high,193.27
2026-01-06T14:00,0.872,4.6,high,189.54
2026-01-06T15:00,1.026,3.4,low,126.2
2026-01-06T16:00,1.15,4.0,high,176.82
2026-01-06T17:00,1.379,3.3,medium,157.57
2026-01-06T18:00,1.481,2.1,high,187.49
2026-01-06T19:00,1.383,2.1,medium,156.39
2026-01-06T20:00,1.234,-0.3,medium,159.28
2026-01-06T21:00,1.176,-1.3,high,198.33
2026-01-06T22:00,0.969,-3.9,medium,168.49
2026-01-06T23:00,0.976,-1.8,medium,138.99
2026-01-07T00:00,0.881,-3.2,medium,144.08
2026-01-07T01:00,0.893,-1.7,low,104.66
2026-01-07T02:00,0.943,-3.5,medium,141.36
2026-01-07T03:00,0.915,-0.3,low,110.48
2026-01-07T04:00,0.988,-0.0,low,113.87
2026-01-07T05:00,1.013,-1.5,high,171.94
2026-01-07T06:00,1.212,0.3,medium,163.6
2026-01-07T07:00,1.217,-0.7,high,193.6
2026-01-07T08:00,1.323,1.5,medium,156.99
2026-01-07T09:00,1.267,0.3,medium,164.33
2026-01-07T10:00,1.069,1.4,high,191.61
2026-01-07T11:00,0.942,3.5,low,128.84
2026-01-07T12:00,0.758,2.8,low,129.95
2026-01-07T13:00,0.831,2.8,medium,140.21
2026-01-07T14:00,0.845,3.8,low,125.92
2026-01-07T15:00,1.005,4.4,medium,150.66
2026-01-07T16:00,1.214,2.2,medium,164.97
2026-01-07T17:00,1.396,-0.7,medium,166.96
2026-01-07T18:00,1.395,1.2,low,146.03
2026-01-07T19:00,1.42,-2.0,medium,172.15
2026-01-07T20:00,1.308,0.1,low,141.46
2026-01-07T21:00,1.155,-2.7,low,162.82
2026-01-07T22:00,1.016,-3.7,medium,177.14
2026-01-07T23:00,0.996,-3.8,high,180.6
2026-01-08T00:00,0.95,-2.9,medium,136.39
2026-01-08T01:00,0.884,-2.1,low,113.21
2026-01-08T02:00,0.913,-3.4,low,118.82
2026-01-08T03:00,0.938,-4.0,low,122.7
2026-01-08T04:00,0.98,-0.1,medium,126.49
2026-01-08T05:00,1.065,0.6,medium,127.93
2026-01-08T06:00,1.121,-2.9,medium,165.87
2026-01-08T07:00,1.257,2.2,low,125.03
2026-01-08T08:00,1.317,2.0,high,185.96
2026-01-08T09:00,1.211,3.2,medium,159.9
2026-01-08T10:00,1.109,2.1,medium,158.99
2026-01-08T11:00,0.92,2.1,medium,159.49
2026-01-08T12:00,0.891,5.0,high,168.33
2026-01-08T13:00,0.752,5.3,medium,147.27
2026-01-08T14:00,0.905,3.9,medium,144.66
2026-01-08T15:00,0.919,3.7,medium,158.9
2026-01-08T16:00,1.155,2.6,medium,151.84
2026-01-08T17:00,1.391,2.6,medium,152.16
2026-01-08T18:00,1.412,3.9,high,178.17
2026-01-08T19:00,1.381,-0.1,high,201.37
2026-01-08T20:00,1.23,0.3,high,191.83
2026-01-08T21:00,1.082,-2.0,low,145.74
2026-01-08T22:00,1.014,-3.7,medium,177.88
2026-01-08T23:00,0.996,-1.3,medium,135.84
2026-01-09T00:00,0.988,-0.4,medium,135.85
2026-01-09T01:00,0.941,-4.2,low,118.95
2026-01-09T02:00,1.001,-2.8,medium,150.87
2026-01-09T03:00,0.981,-4.3,medium,147.93
2026-01-09T04:00,0.964,0.4,high,165.48
2026-01-09T05:00,1.094,-3.2,medium,152.74
2026-01-09T06:00,1.215,-2.1,low,145.62
2026-01-09T07:00,1.236,1.7,high,188.36
2026-01-09T08:00,1.296,2.2,medium,163.44
2026-01-09T09:00,1.223,2.9,medium,160.41
2026-01-09T10:00,1.029,2.2,medium,155.62
2026-01-09T11:00,0.936,2.7,medium,148.85
2026-01-09T12:00,0.817,3.2,high,183.63
2026-01-09T13:00,0.73,2.3,high,194.54
2026-01-09T14:00,0.889,3.3,low,119.58
2026-01-09T15:00,0.982,4.9,medium,140.49
2026-01-09T16:00,1.132,2.5,high,181.85
2026-01-09T17:00,1.373,2.8,high,192.72
2026-01-09T18:00,1.404,2.8,medium,161.63
2026-01-09T19:00,1.338,1.2,medium,156.34
2026-01-09T20:00,1.253,-2.4,high,206.2
2026-01-09T21:00,1.122,-3.0,high,197.08
2026-01-09T22:00,1.011,-3.1,low,140.16
2026-01-09T23:00,0.901,-4.1,high,182.52
2026-01-10T00:00,0.88,-1.9,low,111.64
2026-01-10T01:00,0.835,-4.2,medium,146.2
2026-01-10T02:00,0.831,-2.1,high,170.32
2026-01-10T03:00,0.819,-1.7,medium,137.93
2026-01-10T04:00,0.873,-0.8,low,114.16
2026-01-10T05:00,0.879,-1.4,medium,135.69
2026-01-10T06:00,1.037,1.0,medium,157.2
2026-01-10T07:00,1.183,1.0,low,131.41
2026-01-10T08:00,1.177,1.5,medium,144.15
2026-01-10T09:00,1.074,1.2,medium,174.91
2026-01-10T10:00,0.963,4.3,medium,150.28
2026-01-10T11:00,0.804,2.2,high,185.45
2026-01-10T12:00,0.701,5.7,medium,141.2
2026-01-10T13:00,0.731,2.4,medium,150.73
2026-01-10T14:00,0.712,1.7,medium,165.27
2026-01-10T15:00,0.854,2.8,medium,160.64
2026-01-10T16:00,1.069,2.3,low,130.24
2026-01-10T17:00,1.224,3.1,high,191.49
2026-01-10T18:00,1.256,0.9,medium,161.02
2026-01-10T19:00,1.358,-1.6,medium,170.53
2026-01-10T20:00,1.155,0.2,high,204.9
2026-01-10T21:00,1.09,0.2,high,189.17
2026-01-10T22:00,0.974,-2.2,low,144.77
2026-01-10T23:00,0.848,-3.5,medium,144.09
2026-01-11T00:00,0.798,-3.8,medium,148.92
2026-01-11T01:00,0.815,-2.5,high,175.76
2026-01-11T02:00,0.752,-3.4,low,128.03
2026-01-11T03:00,0.862,-1.3,medium,135.69
2026-01-11T04:00,0.927,0.6,low,103.09
2026-01-11T05:00,0.951,-0.4,medium,133.69
2026-01-11T06:00,1.036,-1.9,high,194.68
2026-01-11T07:00,1.199,1.4,low,137.94
2026-01-11T08:00,1.167,1.6,high,196.65
2026-01-11T09:00,1.13,-0.5,high,202.78
2026-01-11T10:00,1.013,4.0,medium,156.56
2026-01-11T11:00,0.811,2.8,low,130.74
2026-01-11T12:00,0.738,2.7,medium,150.97
2026-01-11T13:00,0.655,6.0,low,119.84
2026-01-11T14:00,0.78,4.9,low,122.42
2026-01-11T15:00,0.859,3.9,low,135.82
2026-01-11T16:00,1.115,5.0,low,123.58
2026-01-11T17:00,1.231,2.9,low,131.41
2026-01-11T18:00,1.328,1.3,low,134.58
2026-01-11T19:00,1.268,0.3,low,139.59
2026-01-11T20:00,1.162,-1.6,medium,159.98
2026-01-11T21:00,1.028,-1.5,medium,168.82
2026-01-11T22:00,0.922,-1.7,medium,174.18
2026-01-11T23:00,0.822,-5.1,low,127.6
2026-01-12T00:00,0.885,-2.1,medium,129.02
2026-01-12T01:00,0.925,-2.0,medium,141.51
2026-01-12T02:00,0.95,-1.9,medium,135.68
2026-01-12T03:00,0.928,-0.5,medium,135.6
2026-01-12T04:00,0.961,-1.8,medium,144.8
2026-01-12T05:00,1.009,-0.6,low,100.75
2026-01-12T06:00,1.14,0.2,low,131.44
2026-01-12T07:00,1.281,1.8,medium,161.59
2026-01-12T08:00,1.288,2.1,high,199.23
2026-01-12T09:00,1.251,2.8,high,188.79
2026-01-12T10:00,1.087,1.6,medium,154.41
2026-01-12T11:00,0.904,4.4,medium,153.8
2026-01-12T12:00,0.816,1.5,high,199.12
2026-01-12T13:00,0.782,3.0,medium,160.24
2026-01-12T14:00,0.834,3.2,low,130.44
2026-01-12T15:00,0.955,3.7,high,177.55
2026-01-12T16:00,1.224,0.4,high,189.37
2026-01-12T17:00,1.313,5.1,high,182.22
2026-01-12T18:00,1.43,2.4,high,187.1
2026-01-12T19:00,1.423,3.2,medium,154.35
2026-01-12T20:00,1.249,0.3,medium,172.03
2026-01-12T21:00,1.13,-0.5,low,144.93
2026-01-12T22:00,0.973,-0.1,medium,162.33
2026-01-12T23:00,0.948,-1.3,medium,139.47
2026-01-13T00:00,0.907,-3.0,medium,137.96
2026-01-13T01:00,0.924,-2.6,low,124.97
2026-01-13T02:00,0.898,-1.8,medium,131.7
2026-01-13T03:00,0.941,-0.7,medium,138.0
2026-01-13T04:00,1.003,-1.3,low,114.51
2026-01-13T05:00,1.07,-0.8,medium,137.22
2026-01-13T06:00,1.179,1.1,medium,150.16
2026-01-13T07:00,1.271,1.1,high,191.06
2026-01-13T08:00,1.309,1.8,high,195.39
2026-01-13T09:00,1.189,0.8,medium,157.71
2026-01-13T10:00,1.075,3.3,medium,155.93
2026-01-13T11:00,0.869,5.0,low,110.8
2026-01-13T12:00,0.83,3.3,medium,148.3
2026-01-13T13:00,0.786,3.7,medium,156.98
2026-01-13T14:00,0.869,5.3,low,108.85
2026-01-13T15:00,0.978,2.6,high,195.52
2026-01-13T16:00,1.18,2.4,low,132.45
2026-01-13T17:00,1.391,2.6,low,121.18
2026-01-13T18:00,1.438,0.4,high,195.73
2026-01-13T19:00,1.355,2.3,medium,153.62
2026-01-13T20:00,1.215,-1.6,medium,170.54
2026-01-13T21:00,1.13,-1.6,low,144.5
2026-01-13T22:00,1.051,-0.9,low,138.54
2026-01-13T23:00,0.957,-1.6,high,169.77
2026-01-14T00:00,0.95,-3.4,medium,138.14
2026-01-14T01:00,0.931,-1.5,medium,127.69
2026-01-14T02:00,0.943,-3.7,low,116.24
2026-01-14T03:00,0.94,-1.2,high,171.35
2026-01-14T04:00,0.943,0.4,medium,134.99
2026-01-14T05:00,1.073,-1.8,medium,142.06
2026-01-14T06:00,1.182,1.2,low,129.6
2026-01-14T07:00,1.288,-0.7,medium,160.8
2026-01-14T08:00,1.317,2.1,medium,155.65
2026-01-14T09:00,1.278,1.2,high,182.71
2026-01-14T10:00,1.047,4.7,low,114.17
2026-01-14T11:00,0.99,3.4,medium,148.01
2026-01-14T12:00,0.843,3.7,medium,154.84
2026-01-14T13:00,0.73,3.2,high,177.34
2026-01-14T14:00,0.831,2.8,medium,150.67
2026-01-14T15:00,0.998,3.3,medium,156.21
2026-01-14T16:00,1.208,2.9,medium,156.49
2026-01-14T17:00,1.357,3.0,high,184.95
2026-01-14T18:00,1.469,-0.3,low,133.6
2026-01-14T19:00,1.444,1.8,low,135.65
2026-01-14T20:00,1.294,-1.6,medium,172.25
2026-01-14T21:00,1.151,-2.1,low,148.66
2026-01-14T22:00,0.985,-0.9,medium,160.58
2026-01-14T23:00,0.967,-2.5,medium,151.59
2026-01-15T00:00,0.937,-2.9,high,181.9
2026-01-15T01:00,0.917,-2.3,medium,146.73
2026-01-15T02:00,0.987,-2.4,medium,144.53
2026-01-15T03:00,0.957,-3.1,medium,135.58
2026-01-15T04:00,1.028,0.3,high,163.49
2026-01-15T05:00,1.108,-0.8,low,121.98
2026-01-15T06:00,1.086,1.5,low,128.09
2026-01-15T07:00,1.281,1.6,medium,159.5
2026-01-15T08:00,1.312,5.9,medium,157.97
2026-01-15T09:00,1.238,3.7,high,177.93
2026-01-15T10:00,1.089,4.2,high,182.11
2026-01-15T11:00,0.897,3.6,low,120.37
2026-01-15T12:00,0.839,4.7,high,173.0
2026-01-15T13:00,0.774,3.8,medium,151.59
2026-01-15T14:00,0.845,4.6,medium,151.08
2026-01-15T15:00,0.946,5.9,medium,152.85
2026-01-15T16:00,1.212,3.6,medium,156.35
2026-01-15T17:00,1.375,2.1,medium,154.78
2026-01-15T18:00,1.425,1.6,high,197.62
2026-01-15T19:00,1.411,-2.4,medium,171.14
2026-01-15T20:00,1.234,1.2,medium,164.53
2026-01-15T21:00,1.116,1.7,low,133.23
2026-01-15T22:00,1.007,-2.8,medium,172.61
2026-01-15T23:00,0.923,-0.2,medium,136.58
2026-01-16T00:00,0.948,0.1,medium,131.37
2026-01-16T01:00,0.874,-1.7,medium,137.92
2026-01-16T02:00,0.896,-1.5,low,112.99
2026-01-16T03:00,0.947,-0.2,high,164.29
2026-01-16T04:00,0.948,-1.2,medium,139.93
2026-01-16T05:00,1.081,0.2,low,96.26
2026-01-16T06:00,1.188,1.3,high,191.91
2026-01-16T07:00,1.197,-1.2,medium,177.58
2026-01-16T08:00,1.223,2.2,medium,160.05
2026-01-16T09:00,1.17,4.3,high,186.19
2026-01-16T10:00,1.04,3.3,low,124.65
2026-01-16T11:00,0.89,3.1,medium,150.92
2026-01-16T12:00,0.809,4.7,high,169.82
2026-01-16T13:00,0.891,4.0,high,198.96
2026-01-16T14:00,0.893,5.2,medium,150.28
2026-01-16T15:00,0.933,4.7,medium,148.24
2026-01-16T16:00,1.172,3.2,low,128.14
2026-01-16T17:00,1.313,1.7,medium,163.38
2026-01-16T18:00,1.395,-0.5,medium,166.43
2026-01-16T19:00,1.348,0.1,medium,162.82
2026-01-16T20:00,1.264,1.1,medium,155.37
2026-01-16T21:00,1.119,-1.2,low,139.71
2026-01-16T22:00,0.901,0.4,low,141.95
2026-01-16T23:00,0.933,0.2,medium,141.01
2026-01-17T00:00,0.851,-2.4,low,110.98
2026-01-17T01:00,0.759,-2.2,low,119.37
2026-01-17T02:00,0.753,-2.3,high,170.94
2026-01-17T03:00,0.759,-2.7,medium,135.48
2026-01-17T04:00,0.89,-0.3,low,108.81
2026-01-17T05:00,0.942,-1.3,medium,136.46
2026-01-17T06:00,1.018,0.1,low,129.45
2026-01-17T07:00,1.3,1.1,medium,153.95
2026-01-17T08:00,1.208,1.8,high,186.86
2026-01-17T09:00,1.094,2.6,high,183.73
2026-01-17T10:00,0.979,2.0,low,136.9
2026-01-17T11:00,0.808,4.5,low,122.07
2026-01-17T12:00,0.728,5.1,low,119.96
2026-01-17T13:00,0.66,7.0,medium,137.55
2026-01-17T14:00,0.748,6.2,medium,147.58
2026-01-17T15:00,0.904,2.8,low,127.24
2026-01-17T16:00,1.089,3.4,medium,151.81
2026-01-17T17:00,1.199,3.9,medium,145.87
2026-01-17T18:00,1.343,2.3,medium,149.7
2026-01-17T19:00,1.27,1.6,medium,153.52
2026-01-17T20:00,1.115,0.6,low,141.69
2026-01-17T21:00,1.008,0.4,low,128.31
2026-01-17T22:00,0.923,-0.6,medium,162.57
2026-01-17T23:00,0.856,-2.2,medium,138.14
2026-01-18T00:00,0.813,-3.9,high,182.59
2026-01-18T01:00,0.845,-2.6,medium,140.74
2026-01-18T02:00,0.821,-0.6,low,108.26
2026-01-18T03:00,0.87,-1.9,high,169.79
2026-01-18T04:00,0.89,0.2,medium,129.98
2026-01-18T05:00,1.005,-1.5,medium,139.02
2026-01-18T06:00,1.061,1.0,high,179.04
2026-01-18T07:00,1.168,1.8,low,136.84
2026-01-18T08:00,1.13,2.5,medium,149.59
2026-01-18T09:00,1.132,3.9,high,179.26
2026-01-18T10:00,0.962,1.8,low,126.03
2026-01-18T11:00,0.842,4.9,low,128.64
2026-01-18T12:00,0.656,4.6,low,131.18
2026-01-18T13:00,0.688,7.2,low,124.86
2026-01-18T14:00,0.757,3.6,high,185.09
2026-01-18T15:00,0.86,2.9,low,127.88
2026-01-18T16:00,1.091,4.6,medium,142.11
2026-01-18T17:00,1.259,2.1,medium,157.02
2026-01-18T18:00,1.388,5.5,medium,145.03
2026-01-18T19:00,1.323,2.3,medium,150.99
2026-01-18T20:00,1.144,2.8,low,121.45
2026-01-18T21:00,0.932,-1.9,medium,165.33
2026-01-18T22:00,0.909,-1.0,medium,176.68
2026-01-18T23:00,0.841,-1.0,medium,130.13
2026-01-19T00:00,0.902,-1.8,medium,132.15
2026-01-19T01:00,0.875,-0.4,low,115.6
2026-01-19T02:00,0.94,-1.6,low,111.44
2026-01-19T03:00,0.955,-1.5,medium,133.83
2026-01-19T04:00,1.036,-1.7,medium,142.53
2026-01-19T05:00,1.057,0.4,medium,137.71
2026-01-19T06:00,1.134,0.7,low,139.65
2026-01-19T07:00,1.254,0.4,high,202.61
2026-01-19T08:00,1.269,1.1,medium,162.23
2026-01-19T09:00,1.248,2.5,high,187.12
2026-01-19T10:00,1.062,4.9,medium,147.17
2026-01-19T11:00,0.886,2.8,high,197.84
2026-01-19T12:00,0.813,5.4,medium,135.75
2026-01-19T13:00,0.859,6.1,high,164.43
2026-01-19T14:00,0.841,5.7,high,174.75
2026-01-19T15:00,1.014,4.4,medium,156.37
2026-01-19T16:00,1.091,3.3,medium,158.64
2026-01-19T17:00,1.383,2.5,medium,153.98
2026-01-19T18:00,1.383,2.2,low,123.12
2026-01-19T19:00,1.422,3.4,low,132.44
2026-01-19T20:00,1.188,0.0,medium,174.55
2026-01-19T21:00,1.091,-0.7,high,199.26
2026-01-19T22:00,0.99,1.0,high,199.42
2026-01-19T23:00,0.978,-3.0,high,174.03
2026-01-20T00:00,0.939,-1.7,high,177.34
2026-01-20T01:00,0.991,-0.2,medium,134.64
2026-01-20T02:00,1.007,-2.5,high,174.9
2026-01-20T03:00,0.934,-1.5,high,170.11
2026-01-20T04:00,0.951,3.1,medium,111.35
2026-01-20T05:00,1.053,1.0,low,99.35
2026-01-20T06:00,1.18,1.5,medium,159.36
2026-01-20T07:00,1.293,1.6,medium,149.24
2026-01-20T08:00,1.303,1.9,high,198.62
2026-01-20T09:00,1.184,2.9,medium,154.65
2026-01-20T10:00,1.078,4.7,medium,149.23
2026-01-20T11:00,0.943,4.8,high,190.38
2026-01-20T12:00,0.798,6.7,low,111.24
2026-01-20T13:00,0.747,5.6,medium,147.39
2026-01-20T14:00,0.814,5.7,high,176.86
2026-01-20T15:00,0.954,6.6,medium,151.4
2026-01-20T16:00,1.152,3.5,low,131.52
2026-01-20T17:00,1.394,2.4,medium,152.86
2026-01-20T18:00,1.39,2.9,medium,155.66
2026-01-20T19:00,1.419,1.9,low,120.36
2026-01-20T20:00,1.213,1.6,low,130.64
2026-01-20T21:00,1.114,-1.1,medium,165.91
2026-01-20T22:00,1.03,0.4,medium,165.61
2026-01-20T23:00,0.97,-1.4,medium,137.48
2026-01-21T00:00,0.934,-2.4,medium,139.94
2026-01-21T01:00,0.924,-3.4,medium,147.28
2026-01-21T02:00,0.873,0.2,medium,132.05
2026-01-21T03:00,0.932,-1.1,high,171.54
2026-01-21T04:00,0.986,-0.5,high,173.59
2026-01-21T05:00,1.057,0.6,high,155.27
2026-01-21T06:00,1.141,0.1,high,187.86
2026-01-21T07:00,1.318,2.9,medium,151.88
2026-01-21T08:00,1.279,1.5,medium,157.36
2026-01-21T09:00,1.241,2.1,high,188.13
2026-01-21T10:00,1.071,4.3,low,121.32
2026-01-21T11:00,0.965,3.3,high,184.05
2026-01-21T12:00,0.816,6.2,medium,152.67
2026-01-21T13:00,0.77,6.8,medium,148.91
2026-01-21T14:00,0.855,2.6,low,130.06
2026-01-21T15:00,0.998,6.3,high,177.86
2026-01-21T16:00,1.225,4.8,medium,149.18
2026-01-21T17:00,1.37,3.8,medium,150.54
2026-01-21T18:00,1.417,4.9,high,177.62
2026-01-21T19:00,1.436,1.5,medium,155.24
2026-01-21T20:00,1.296,2.5,low,128.96
2026-01-21T21:00,1.131,2.7,high,184.27
2026-01-21T22:00,0.986,-1.2,medium,180.97
2026-01-21T23:00,0.939,-1.8,low,104.9
2026-01-22T00:00,0.903,-0.7,low,109.88
2026-01-22T01:00,0.881,-0.5,medium,132.08
2026-01-22T02:00,0.951,-3.5,medium,152.28
2026-01-22T03:00,0.928,-0.1,low,110.93
2026-01-22T04:00,0.926,-2.3,medium,149.05
2026-01-22T05:00,1.081,0.8,medium,135.57
2026-01-22T06:00,1.107,-0.2,low,138.91
2026-01-22T07:00,1.215,0.8,high,191.63
2026-01-22T08:00,1.259,5.5,low,132.89
2026-01-22T09:00,1.189,7.2,medium,155.75
2026-01-22T10:00,1.072,6.0,medium,151.05
2026-01-22T11:00,0.893,5.0,medium,142.73
2026-01-22T12:00,0.798,5.9,medium,142.8
2026-01-22T13:00,0.792,6.6,high,174.55
2026-01-22T14:00,0.877,4.6,medium,145.92
2026-01-22T15:00,0.973,5.4,high,182.52
2026-01-22T16:00,1.138,3.8,low,122.99
2026-01-22T17:00,1.376,4.4,medium,144.53
2026-01-22T18:00,1.422,2.1,high,197.58
2026-01-22T19:00,1.383,1.4,high,192.33
2026-01-22T20:00,1.291,2.9,medium,160.76
2026-01-22T21:00,1.097,0.2,low,135.38
2026-01-22T22:00,1.06,-2.5,medium,172.86
2026-01-22T23:00,0.918,-0.2,medium,131.51
2026-01-23T00:00,0.962,-0.8,low,104.09
2026-01-23T01:00,0.886,-2.0,medium,136.38
2026-01-23T02:00,0.968,-0.8,low,105.84
2026-01-23T03:00,0.932,-0.3,medium,135.1
2026-01-23T04:00,0.944,-2.0,high,174.74
2026-01-23T05:00,1.06,1.1,medium,133.6
2026-01-23T06:00,1.175,0.5,medium,158.59
2026-01-23T07:00,1.296,-1.1,medium,161.16
2026-01-23T08:00,1.275,0.9,medium,167.09
2026-01-23T09:00,1.178,4.8,medium,151.82
2026-01-23T10:00,1.075,4.5,low,117.19
2026-01-23T11:00,0.915,5.3,high,172.51
2026-01-23T12:00,0.851,6.1,low,120.59
2026-01-23T13:00,0.86,6.5,low,112.87
2026-01-23T14:00,0.919,6.5,high,174.24
2026-01-23T15:00,0.979,5.9,high,175.44
2026-01-23T16:00,1.12,3.4,high,183.71
2026-01-23T17:00,1.354,4.3,high,186.25
2026-01-23T18:00,1.375,4.7,medium,149.29
2026-01-23T19:00,1.374,4.1,medium,150.3
2026-01-23T20:00,1.276,1.3,medium,162.59
2026-01-23T21:00,1.092,1.0,medium,147.47
2026-01-23T22:00,1.013,-0.3,low,145.03
2026-01-23T23:00,0.952,-2.3,medium,151.89
2026-01-24T00:00,0.798,-2.3,low,107.82
2026-01-24T01:00,0.778,-1.0,low,108.44
2026-01-24T02:00,0.812,-2.4,medium,140.77
2026-01-24T03:00,0.852,0.6,low,105.78
2026-01-24T04:00,0.871,0.7,low,98.62
2026-01-24T05:00,0.964,0.5,low,106.61
2026-01-24T06:00,1.103,2.4,low,126.41
2026-01-24T07:00,1.19,2.0,high,191.68
2026-01-24T08:00,1.282,1.3,medium,162.56
2026-01-24T09:00,1.154,4.6,medium,153.01
2026-01-24T10:00,1.005,5.1,medium,145.63
2026-01-24T11:00,0.817,5.1,medium,151.95
2026-01-24T12:00,0.696,5.0,low,117.05
2026-01-24T13:00,0.772,4.7,medium,155.7
2026-01-24T14:00,0.733,6.4,medium,153.16
2026-01-24T15:00,0.81,5.8,high,181.52
2026-01-24T16:00,1.079,5.6,high,183.01
2026-01-24T17:00,1.24,3.5,medium,147.03
2026-01-24T18:00,1.334,4.4,medium,148.16
2026-01-24T19:00,1.304,0.9,medium,158.51
2026-01-24T20:00,1.146,0.2,high,187.63
2026-01-24T21:00,1.032,-0.2,medium,166.44
2026-01-24T22:00,0.938,-1.8,medium,162.31
2026-01-24T23:00,0.854,-0.3,medium,143.29
2026-01-25T00:00,0.823,-1.1,high,164.35
2026-01-25T01:00,0.825,-3.4,medium,144.58
2026-01-25T02:00,0.765,-1.2,low,116.75
2026-01-25T03:00,0.81,-0.6,medium,134.36
2026-01-25T04:00,0.855,-0.7,medium,151.63
2026-01-25T05:00,0.978,0.4,medium,128.06
2026-01-25T06:00,1.1,1.4,low,132.78
2026-01-25T07:00,1.213,0.9,medium,160.39
2026-01-25T08:00,1.169,3.7,medium,146.79
2026-01-25T09:00,1.102,3.9,low,125.99
2026-01-25T10:00,0.893,6.3,low,120.27
2026-01-25T11:00,0.808,4.8,low,127.97
2026-01-25T12:00,0.676,5.7,medium,144.28
2026-01-25T13:00,0.663,5.0,low,131.08
2026-01-25T14:00,0.778,4.2,medium,158.93
2026-01-25T15:00,0.969,5.3,low,124.06
2026-01-25T16:00,0.988,3.6,low,123.03
2026-01-25T17:00,1.259,3.3,low,122.57
2026-01-25T18:00,1.315,2.8,medium,148.66
2026-01-25T19:00,1.328,3.0,medium,163.3
2026-01-25T20:00,1.179,1.9,high,192.37
2026-01-25T21:00,1.048,-0.0,high,197.66
2026-01-25T22:00,0.863,-0.1,medium,158.81
2026-01-25T23:00,0.824,-1.6,medium,148.05
2026-01-26T00:00,0.941,-2.2,low,112.87
2026-01-26T01:00,0.911,-0.2,low,110.2
2026-01-26T02:00,0.946,1.2,medium,127.68
2026-01-26T03:00,0.946,-0.7,medium,138.84
2026-01-26T04:00,0.956,-1.3,high,164.51
2026-01-26T05:00,1.036,1.7,medium,132.47
2026-01-26T06:00,1.195,2.2,low,137.25
2026-01-26T07:00,1.319,4.0,medium,149.87
2026-01-26T08:00,1.288,2.3,high,186.81
2026-01-26T09:00,1.225,6.2,medium,146.08
2026-01-26T10:00,1.063,6.4,low,108.5
2026-01-26T11:00,0.931,5.6,low,112.92
2026-01-26T12:00,0.861,7.1,high,166.98
2026-01-26T13:00,0.84,7.7,medium,141.9
2026-01-26T14:00,0.864,5.7,high,178.35
2026-01-26T15:00,0.954,6.7,medium,142.69
2026-01-26T16:00,1.186,3.7,high,185.26
2026-01-26T17:00,1.321,4.8,medium,141.96
2026-01-26T18:00,1.42,1.8,low,134.2
2026-01-26T19:00,1.411,2.7,medium,157.28
2026-01-26T20:00,1.256,3.3,low,125.85
2026-01-26T21:00,1.091,0.8,high,204.83
2026-01-26T22:00,1.005,-0.1,high,199.62
2026-01-26T23:00,0.877,2.3,low,99.83
2026-01-27T00:00,0.938,-1.0,medium,141.82
2026-01-27T01:00,0.869,-1.1,medium,131.88
2026-01-27T02:00,0.92,0.9,medium,123.73
2026-01-27T03:00,0.883,1.2,low,107.42
2026-01-27T04:00,1.004,0.1,high,166.15
2026-01-27T05:00,1.052,1.5,medium,120.7
2026-01-27T06:00,1.114,2.4,low,136.21
2026-01-27T07:00,1.288,3.0,medium,160.24
2026-01-27T08:00,1.295,5.8,medium,139.27
2026-01-27T09:00,1.202,3.3,medium,154.2
2026-01-27T10:00,1.085,5.2,high,177.14
2026-01-27T11:00,0.92,6.3,low,112.66
2026-01-27T12:00,0.838,5.6,medium,151.52
2026-01-27T13:00,0.829,7.5,medium,151.03
2026-01-27T14:00,0.833,5.1,medium,150.59
2026-01-27T15:00,0.971,4.7,medium,151.94
2026-01-27T16:00,1.175,6.8,high,181.09
2026-01-27T17:00,1.346,4.9,medium,151.3
2026-01-27T18:00,1.486,3.7,high,190.4
2026-01-27T19:00,1.39,3.1,medium,155.91
2026-01-27T20:00,1.262,1.4,low,135.36
2026-01-27T21:00,1.106,1.5,low,123.83
2026-01-27T22:00,1.031,0.5,medium,170.64
2026-01-27T23:00,0.957,-1.8,medium,143.17
2026-01-28T00:00,0.941,0.8,medium,133.08
2026-01-28T01:00,0.909,1.3,medium,135.4
2026-01-28T02:00,0.857,1.9,low,104.46
2026-01-28T03:00,0.959,1.4,medium,133.1
2026-01-28T04:00,0.926,-0.7,medium,140.98
2026-01-28T05:00,1.008,0.8,medium,137.81
2026-01-28T06:00,1.163,1.1,low,145.14
2026-01-28T07:00,1.219,2.3,medium,156.88
2026-01-28T08:00,1.267,2.9,high,199.96
2026-01-28T09:00,1.217,6.1,medium,152.7
2026-01-28T10:00,1.035,6.5,high,184.67
2026-01-28T11:00,0.899,6.1,medium,144.83
2026-01-28T12:00,0.828,6.1,high,169.25
2026-01-28T13:00,0.789,4.9,high,180.92
2026-01-28T14:00,0.886,6.7,medium,141.85
2026-01-28T15:00,1.013,4.9,high,180.66
2026-01-28T16:00,1.136,4.9,medium,152.75
2026-01-28T17:00,1.3,6.2,high,180.09
2026-01-28T18:00,1.439,3.4,low,121.21
2026-01-28T19:00,1.409,2.1,high,186.79
2026-01-28T20:00,1.263,1.5,medium,158.51
2026-01-28T21:00,1.099,2.7,medium,153.62
2026-01-28T22:00,1.008,-0.1,low,138.68
2026-01-28T23:00,0.927,1.7,low,96.01
2026-01-29T00:00,0.93,-0.9,low,108.94
2026-01-29T01:00,0.876,1.0,low,107.19
2026-01-29T02:00,0.879,-0.0,low,107.67
2026-01-29T03:00,0.953,-1.5,low,108.3
2026-01-29T04:00,0.963,0.8,high,164.29
2026-01-29T05:00,1.089,0.9,high,165.63
2026-01-29T06:00,1.192,1.0,high,192.89
2026-01-29T07:00,1.234,2.5,high,193.65
2026-01-29T08:00,1.3,4.3,medium,138.44
2026-01-29T09:00,1.223,5.6,high,187.65
2026-01-29T10:00,1.083,5.2,medium,145.51
2026-01-29T11:00,0.982,5.1,low,127.46
2026-01-29T12:00,0.829,7.6,medium,135.47
2026-01-29T13:00,0.764,5.1,high,176.8
2026-01-29T14:00,0.873,8.6,high,169.14
2026-01-29T15:00,0.987,5.1,medium,150.12
2026-01-29T16:00,1.208,3.2,high,194.24
2026-01-29T17:00,1.346,5.8,low,111.95
2026-01-29T18:00,1.407,3.7,medium,169.77
2026-01-29T19:00,1.437,2.9,high,184.82
2026-01-29T20:00,1.298,1.3,medium,149.55
2026-01-29T21:00,1.187,1.9,low,132.77
2026-01-29T22:00,1.018,0.3,medium,150.06
2026-01-29T23:00,0.99,0.3,low,110.76
2026-01-30T00:00,0.937,-1.7,medium,137.78
2026-01-30T01:00,0.946,0.7,medium,133.65
2026-01-30T02:00,0.907,-0.3,low,102.97
2026-01-30T03:00,0.945,-2.6,low,112.8
2026-01-30T04:00,0.964,1.8,low,106.46
2026-01-30T05:00,1.095,2.4,low,92.28
2026-01-30T06:00,1.18,1.4,low,133.08
2026-01-30T07:00,1.304,1.4,medium,159.09
2026-01-30T08:00,1.311,4.0,medium,142.72
2026-01-30T09:00,1.241,4.8,high,187.34
2026-01-30T10:00,1.074,5.6,high,181.53
2026-01-30T11:00,0.913,6.5,medium,138.77
2026-01-30T12:00,0.787,5.0,medium,148.6
2026-01-30T13:00,0.785,8.8,medium,140.86
2026-01-30T14:00,0.901,8.2,high,169.62
2026-01-30T15:00,0.992,5.2,medium,148.24
2026-01-30T16:00,1.185,4.4,low,122.28
2026-01-30T17:00,1.326,4.9,medium,151.83
2026-01-30T18:00,1.439,3.8,medium,152.19
2026-01-30T19:00,1.422,1.9,low,135.23
2026-01-30T20:00,1.261,3.0,low,133.07
2026-01-30T21:00,1.091,0.1,medium,156.62
2026-01-30T22:00,1.073,0.8,low,129.04
2026-01-30T23:00,0.943,1.6,medium,125.65
2026-01-31T00:00,0.833,1.2,low,111.42
2026-01-31T01:00,0.784,3.6,medium,128.89
2026-01-31T02:00,0.839,-4.5,high,187.41
2026-01-31T03:00,0.867,0.3,high,175.57
2026-01-31T04:00,0.984,2.4,low,105.41
2026-01-31T05:00,0.899,0.3,medium,141.53
2026-01-31T06:00,1.085,3.9,medium,147.71
2026-01-31T07:00,1.097,5.1,high,181.54
2026-01-31T08:00,1.161,3.5,low,137.6
2026-01-31T09:00,1.118,3.9,medium,152.01
2026-01-31T10:00,0.992,6.0,low,118.06
2026-01-31T11:00,0.815,6.8,low,114.07
2026-01-31T12:00,0.699,3.8,medium,151.61
2026-01-31T13:00,0.698,4.2,medium,144.34
2026-01-31T14:00,0.788,4.4,high,173.08
2026-01-31T15:00,0.943,5.6,low,121.09
2026-01-31T16:00,1.084,6.1,high,180.6
2026-01-31T17:00,1.16,4.5,high,179.44
2026-01-31T18:00,1.304,1.6,medium,160.46
2026-01-31T19:00,1.339,3.8,medium,156.31
2026-01-31T20:00,1.204,3.9,high,189.3
2026-01-31T21:00,1.008,4.8,low,121.66
2026-01-31T22:00,0.849,-0.6,high,199.62
2026-01-31T23:00,0.898,1.2,medium,129.35
2026-02-01T00:00,0.828,3.8,low,97.35
2026-02-01T01:00,0.811,-0.2,high,159.51
2026-02-01T02:00,0.798,0.7,low,109.32
2026-02-01T03:00,0.848,0.7,low,105.45
2026-02-01T04:00,0.863,-2.0,high,167.41
2026-02-01T05:00,0.951,1.3,medium,129.26
2026-02-01T06:00,1.097,1.3,medium,161.14
2026-02-01T07:00,1.182,4.0,low,120.95
2026-02-01T08:00,1.215,4.1,low,118.03
2026-02-01T09:00,1.164,2.6,low,125.87
2026-02-01T10:00,0.93,4.8,medium,161.76
2026-02-01T11:00,0.832,7.5,low,123.53
2026-02-01T12:00,0.735,7.0,low,112.26
2026-02-01T13:00,0.639,6.5,low,112.42
2026-02-01T14:00,0.749,6.9,medium,143.75
2026-02-01T15:00,0.866,5.4,low,124.75
2026-02-01T16:00,1.045,4.3,low,127.07
2026-02-01T17:00,1.249,4.9,medium,150.65
2026-02-01T18:00,1.32,5.4,medium,145.63
2026-02-01T19:00,1.28,2.7,high,186.86
2026-02-01T20:00,1.138,3.6,low,122.31
2026-02-01T21:00,1.024,1.8,medium,160.39
2026-02-01T22:00,0.904,0.7,low,121.09
2026-02-01T23:00,0.83,-0.6,medium,132.42
2026-02-02T00:00,0.935,-0.6,medium,140.43
2026-02-02T01:00,0.891,1.4,low,98.91
2026-02-02T02:00,0.97,-0.6,medium,144.1
2026-02-02T03:00,0.9,0.1,low,100.47
2026-02-02T04:00,0.974,0.6,high,174.47
2026-02-02T05:00,1.039,2.9,high,161.42
2026-02-02T06:00,1.053,4.4,medium,152.3
2026-02-02T07:00,1.247,5.8,low,112.43
2026-02-02T08:00,1.275,5.2,medium,146.57
2026-02-02T09:00,1.262,6.7,medium,135.98
2026-02-02T10:00,1.034,5.7,medium,150.42
2026-02-02T11:00,0.953,6.5,high,162.66
2026-02-02T12:00,0.801,6.5,medium,138.59
2026-02-02T13:00,0.784,5.8,medium,148.55
2026-02-02T14:00,0.841,6.5,medium,148.16
2026-02-02T15:00,1.021,6.2,high,175.08
2026-02-02T16:00,1.158,6.6,high,185.62
2026-02-02T17:00,1.31,7.4,medium,141.86
2026-02-02T18:00,1.425,5.8,medium,154.73
2026-02-02T19:00,1.434,5.7,medium,156.94
2026-02-02T20:00,1.277,1.9,medium,155.91
2026-02-02T21:00,1.101,2.5,medium,166.07
2026-02-02T22:00,1.016,-1.1,medium,164.44
2026-02-02T23:00,0.952,0.3,low,112.76
2026-02-03T00:00,0.963,-1.4,low,115.58
2026-02-03T01:00,0.983,1.0,medium,127.45
2026-02-03T02:00,0.972,-0.3,low,111.43
2026-02-03T03:00,0.9,0.5,low,103.72
2026-02-03T04:00,0.941,2.6,low,104.24
2026-02-03T05:00,1.016,1.7,high,163.71
2026-02-03T06:00,1.163,1.1,low,131.72
2026-02-03T07:00,1.284,0.9,high,187.27
2026-02-03T08:00,1.271,3.1,medium,153.32
2026-02-03T09:00,1.227,5.7,low,110.09
2026-02-03T10:00,1.113,5.1,medium,152.16
2026-02-03T11:00,0.917,6.8,high,170.18
2026-02-03T12:00,0.793,5.8,medium,143.1
2026-02-03T13:00,0.813,5.2,high,181.71
2026-02-03T14:00,0.835,7.2,medium,135.77
2026-02-03T15:00,0.926,5.3,medium,152.96
2026-02-03T16:00,1.165,6.5,low,124.54
2026-02-03T17:00,1.342,5.9,high,174.26
2026-02-03T18:00,1.455,3.9,low,126.2
2026-02-03T19:00,1.318,4.5,medium,140.61
2026-02-03T20:00,1.236,1.4,medium,149.19
2026-02-03T21:00,1.019,2.1,medium,163.36
2026-02-03T22:00,1.065,1.9,medium,161.46
2026-02-03T23:00,1.006,1.2,medium,137.03
2026-02-04T00:00,0.964,-0.2,medium,140.86
2026-02-04T01:00,0.865,1.2,low,101.31
2026-02-04T02:00,0.943,1.4,medium,129.88
2026-02-04T03:00,0.915,0.6,low,101.1
2026-02-04T04:00,0.938,3.2,low,98.65
2026-02-04T05:00,1.019,2.2,high,164.05
2026-02-04T06:00,1.095,3.5,medium,155.06
2026-02-04T07:00,1.266,4.9,high,176.52
2026-02-04T08:00,1.281,5.4,low,122.22
2026-02-04T09:00,1.208,5.8,medium,150.88
2026-02-04T10:00,1.102,5.4,medium,144.91
2026-02-04T11:00,0.856,4.9,low,122.38
2026-02-04T12:00,0.813,6.9,medium,142.46
2026-02-04T13:00,0.77,7.2,high,167.14
2026-02-04T14:00,0.889,7.8,medium,127.45
2026-02-04T15:00,1.035,6.4,low,118.18
2026-02-04T16:00,1.166,6.3,medium,145.92
2026-02-04T17:00,1.326,4.7,medium,142.2
2026-02-04T18:00,1.421,3.7,low,120.44
2026-02-04T19:00,1.424,5.0,medium,157.16
2026-02-04T20:00,1.25,4.9,medium,142.47
2026-02-04T21:00,1.181,3.4,high,185.6
2026-02-04T22:00,0.997,2.2,high,194.33
2026-02-04T23:00,0.936,1.4,low,112.06
2026-02-05T00:00,0.915,-0.7,low,104.46
2026-02-05T01:00,0.959,3.2,low,100.02
2026-02-05T02:00,0.913,0.8,high,159.65
2026-02-05T03:00,0.894,3.1,medium,125.48
2026-02-05T04:00,0.941,2.8,medium,130.18
2026-02-05T05:00,1.094,1.7,medium,125.34
2026-02-05T06:00,1.149,2.4,medium,163.4
2026-02-05T07:00,1.321,5.5,low,125.33
2026-02-05T08:00,1.315,5.2,low,122.29
2026-02-05T09:00,1.25,4.8,high,180.6
2026-02-05T10:00,1.067,6.6,medium,146.47
2026-02-05T11:00,0.994,6.7,medium,143.03
2026-02-05T12:00,0.871,5.8,medium,146.95
2026-02-05T13:00,0.804,5.3,low,120.05
2026-02-05T14:00,0.847,8.0,high,169.27
2026-02-05T15:00,1.02,7.4,low,116.01
2026-02-05T16:00,1.154,8.4,medium,137.3
2026-02-05T17:00,1.33,5.6,high,176.84
2026-02-05T18:00,1.421,4.2,medium,143.67
2026-02-05T19:00,1.412,4.4,high,180.79
2026-02-05T20:00,1.279,4.3,high,182.06
2026-02-05T21:00,1.153,3.7,medium,144.49
2026-02-05T22:00,1.017,1.2,medium,172.7
2026-02-05T23:00,0.984,1.9,medium,132.93
2026-02-06T00:00,0.937,-0.7,low,105.95
2026-02-06T01:00,0.943,2.7,medium,126.97
2026-02-06T02:00,0.942,0.9,high,167.78
2026-02-06T03:00,0.96,2.3,low,101.58
2026-02-06T04:00,0.959,0.1,medium,127.46
2026-02-06T05:00,1.029,4.3,low,92.68
2026-02-06T06:00,1.11,3.0,low,125.68
2026-02-06T07:00,1.248,3.1,medium,161.03
2026-02-06T08:00,1.326,3.7,high,192.21
2026-02-06T09:00,1.24,7.0,high,182.93
2026-02-06T10:00,1.079,6.1,medium,145.66
2026-02-06T11:00,1.008,7.7,medium,140.72
2026-02-06T12:00,0.795,7.7,medium,141.36
2026-02-06T13:00,0.755,8.1,low,106.83
2026-02-06T14:00,0.797,7.3,low,108.39
2026-02-06T15:00,1.006,7.4,medium,140.42
2026-02-06T16:00,1.148,5.7,medium,148.14
2026-02-06T17:00,1.396,6.8,low,114.16
2026-02-06T18:00,1.439,6.3,medium,139.6
2026-02-06T19:00,1.366,3.1,low,120.43
2026-02-06T20:00,1.266,2.5,low,136.56
2026-02-06T21:00,1.04,2.2,medium,163.75
2026-02-06T22:00,1.032,2.1,low,129.13
2026-02-06T23:00,0.899,2.7,low,103.8
2026-02-07T00:00,0.852,0.7,medium,133.75
2026-02-07T01:00,0.766,2.0,high,163.53
2026-02-07T02:00,0.849,-0.2,medium,127.1
2026-02-07T03:00,0.853,2.1,medium,126.6
2026-02-07T04:00,0.863,1.9,high,163.63
2026-02-07T05:00,0.916,-0.0,low,107.03
2026-02-07T06:00,1.014,2.5,low,123.85
2026-02-07T07:00,1.202,5.3,low,116.17
2026-02-07T08:00,1.28,4.8,medium,146.87
2026-02-07T09:00,1.213,7.2,low,113.54
2026-02-07T10:00,0.924,7.5,medium,137.59
2026-02-07T11:00,0.867,8.3,high,163.41
2026-02-07T12:00,0.7,6.8,medium,141.25
2026-02-07T13:00,0.723,5.9,medium,131.65
2026-02-07T14:00,0.788,7.0,medium,140.61
2026-02-07T15:00,0.899,6.2,medium,149.32
2026-02-07T16:00,1.052,5.5,medium,149.19
2026-02-07T17:00,1.222,7.1,medium,133.21
2026-02-07T18:00,1.352,5.2,medium,150.36
2026-02-07T19:00,1.349,4.8,low,126.07
2026-02-07T20:00,1.193,1.9,low,131.58
2026-02-07T21:00,1.01,2.9,high,184.89
2026-02-07T22:00,0.907,-0.4,medium,161.67
2026-02-07T23:00,0.844,2.0,low,91.69
2026-02-08T00:00,0.779,-1.0,low,125.36
2026-02-08T01:00,0.795,0.6,low,112.02
2026-02-08T02:00,0.824,3.0,medium,131.72
2026-02-08T03:00,0.789,3.2,medium,119.32
2026-02-08T04:00,0.875,0.6,medium,134.47
2026-02-08T05:00,0.861,2.6,medium,129.16
2026-02-08T06:00,1.072,4.3,medium,146.37
2026-02-08T07:00,1.197,3.8,medium,150.97
2026-02-08T08:00,1.201,6.3,medium,145.78
2026-02-08T09:00,1.14,5.8,high,179.4
2026-02-08T10:00,0.932,5.5,medium,141.95
2026-02-08T11:00,0.801,7.4,low,109.2
2026-02-08T12:00,0.721,7.9,medium,132.97
2026-02-08T13:00,0.713,8.3,low,113.09
2026-02-08T14:00,0.732,8.5,low,110.54
2026-02-08T15:00,0.84,9.4,high,166.14
2026-02-08T16:00,1.122,6.8,medium,148.78
2026-02-08T17:00,1.219,3.8,medium,142.4
2026-02-08T18:00,1.299,7.7,high,166.85
2026-02-08T19:00,1.322,3.9,medium,163.66
2026-02-08T20:00,1.12,5.1,medium,159.15
2026-02-08T21:00,1.039,3.3,high,192.05
2026-02-08T22:00,0.955,4.8,medium,151.0
2026-02-08T23:00,0.854,0.6,high,156.11
2026-02-09T00:00,0.906,1.7,medium,124.3
2026-02-09T01:00,0.829,1.6,high,153.47
2026-02-09T02:00,0.924,0.8,medium,130.59
2026-02-09T03:00,0.95,3.8,medium,125.34
2026-02-09T04:00,0.951,1.9,low,95.62
2026-02-09T05:00,1.082,2.7,medium,125.82
2026-02-09T06:00,1.115,3.3,medium,153.76
2026-02-09T07:00,1.224,4.4,high,180.36
2026-02-09T08:00,1.351,6.7,medium,150.83
2026-02-09T09:00,1.254,5.0,medium,150.18
2026-02-09T10:00,1.027,7.1,low,107.41
2026-02-09T11:00,0.955,4.4,low,119.56
2026-02-09T12:00,0.781,5.3,high,179.0
2026-02-09T13:00,0.758,9.2,medium,132.59
2026-02-09T14:00,0.851,7.7,medium,126.51
2026-02-09T15:00,0.963,6.7,high,183.82
2026-02-09T16:00,1.15,7.8,medium,135.86
2026-02-09T17:00,1.344,6.6,low,126.85
2026-02-09T18:00,1.459,7.3,high,180.63
2026-02-09T19:00,1.328,5.9,medium,145.15
2026-02-09T20:00,1.261,4.2,low,123.33
2026-02-09T21:00,1.079,2.6,medium,158.25
2026-02-09T22:00,1.051,3.3,high,183.55
2026-02-09T23:00,0.989,1.0,medium,127.81
2026-02-10T00:00,0.89,1.1,low,103.47
2026-02-10T01:00,0.922,1.5,medium,133.27
2026-02-10T02:00,0.862,2.5,low,98.41
2026-02-10T03:00,0.866,0.8,low,106.19
2026-02-10T04:00,0.953,2.2,medium,133.14
2026-02-10T05:00,0.992,4.0,low,99.95
2026-02-10T06:00,1.174,3.5,low,132.75
2026-02-10T07:00,1.276,6.2,medium,145.64
2026-02-10T08:00,1.238,4.1,medium,131.69
2026-02-10T09:00,1.189,4.2,medium,152.27
2026-02-10T10:00,1.08,9.0,high,166.18
2026-02-10T11:00,0.953,6.3,medium,143.82
2026-02-10T12:00,0.78,5.8,high,175.47
2026-02-10T13:00,0.778,6.6,low,115.99
2026-02-10T14:00,0.897,7.2,high,172.83
2026-02-10T15:00,0.943,6.9,medium,145.03
2026-02-10T16:00,1.201,7.4,low,117.16
2026-02-10T17:00,1.42,5.4,medium,151.6
2026-02-10T18:00,1.526,6.5,medium,141.53
2026-02-10T19:00,1.352,5.8,medium,136.54
2026-02-10T20:00,1.243,3.7,medium,147.2
2026-02-10T21:00,1.157,3.8,low,119.65
2026-02-10T22:00,1.047,1.6,low,136.67
2026-02-10T23:00,0.924,0.3,medium,134.1
2026-02-11T00:00,0.934,2.3,low,97.93
2026-02-11T01:00,0.902,2.1,medium,132.41
2026-02-11T02:00,0.943,2.3,medium,125.6
2026-02-11T03:00,0.898,1.2,low,104.15
2026-02-11T04:00,0.977,2.3,low,97.19
2026-02-11T05:00,1.041,3.0,medium,123.5
2026-02-11T06:00,1.189,4.3,low,130.97
2026-02-11T07:00,1.258,4.6,high,181.33
2026-02-11T08:00,1.287,4.8,low,105.78
2026-02-11T09:00,1.258,6.9,high,171.87
2026-02-11T10:00,1.02,5.8,high,181.22
2026-02-11T11:00,0.962,7.4,medium,149.24
2026-02-11T12:00,0.771,8.4,medium,135.41
2026-02-11T13:00,0.803,8.7,medium,146.69
2026-02-11T14:00,0.831,8.2,low,103.7
2026-02-11T15:00,0.99,9.6,medium,135.71
2026-02-11T16:00,1.2,8.0,low,103.75
2026-02-11T17:00,1.306,8.1,medium,132.62
2026-02-11T18:00,1.399,5.5,low,116.12
2026-02-11T19:00,1.388,5.5,medium,137.38
2026-02-11T20:00,1.215,2.9,medium,153.94
2026-02-11T21:00,1.104,4.1,low,129.03
2026-02-11T22:00,1.03,1.8,high,187.74
2026-02-11T23:00,0.966,1.5,medium,119.96
2026-02-12T00:00,0.923,2.0,medium,126.08
2026-02-12T01:00,0.893,1.3,medium,132.43
2026-02-12T02:00,0.923,4.2,medium,117.74
2026-02-12T03:00,0.958,1.3,medium,121.55
2026-02-12T04:00,0.982,1.4,low,99.31
2026-02-12T05:00,1.041,3.0,medium,129.41
2026-02-12T06:00,1.158,1.8,medium,158.41
2026-02-12T07:00,1.233,4.7,medium,145.93
2026-02-12T08:00,1.276,6.4,medium,140.82
2026-02-12T09:00,1.172,8.2,low,123.36
2026-02-12T10:00,1.087,7.6,high,170.38
2026-02-12T11:00,0.92,7.8,low,114.79
2026-02-12T12:00,0.74,10.4,medium,122.47
2026-02-12T13:00,0.784,5.8,high,170.34
2026-02-12T14:00,0.824,7.1,medium,136.13
2026-02-12T15:00,0.93,7.7,medium,141.08
2026-02-12T16:00,1.145,7.1,low,118.72
2026-02-12T17:00,1.352,7.3,high,173.26
2026-02-12T18:00,1.438,4.7,medium,143.5
2026-02-12T19:00,1.371,4.9,low,119.77
2026-02-12T20:00,1.25,6.3,high,168.04
2026-02-12T21:00,1.192,3.1,low,135.12
2026-02-12T22:00,1.053,2.0,low,128.93
2026-02-12T23:00,0.963,3.1,high,158.63
2026-02-13T00:00,0.949,-0.8,high,171.95
2026-02-13T01:00,0.879,0.8,medium,118.12
2026-02-13T02:00,0.932,0.0,high,160.58
2026-02-13T03:00,0.947,2.1,low,100.25
2026-02-13T04:00,1.019,3.5,high,153.42
2026-02-13T05:00,1.027,2.3,medium,139.42
2026-02-13T06:00,1.23,4.4,low,130.36
2026-02-13T07:00,1.3,5.3,high,177.55
2026-02-13T08:00,1.27,6.1,high,175.41
2026-02-13T09:00,1.308,5.6,medium,135.19
2026-02-13T10:00,1.088,9.2,high,167.99
2026-02-13T11:00,0.938,7.9,low,120.04
2026-02-13T12:00,0.877,9.9,medium,128.7
2026-02-13T13:00,0.75,8.4,low,103.78
2026-02-13T14:00,0.8,8.4,medium,149.08
2026-02-13T15:00,0.976,8.8,high,163.6
2026-02-13T16:00,1.195,6.9,medium,140.59
2026-02-13T17:00,1.341,7.1,medium,135.46
2026-02-13T18:00,1.397,5.9,medium,152.15
2026-02-13T19:00,1.479,4.7,medium,143.46
2026-02-13T20:00,1.288,4.3,medium,146.88
2026-02-13T21:00,1.162,3.4,low,133.62
2026-02-13T22:00,0.964,3.1,low,123.8
2026-02-13T23:00,0.954,2.0,high,155.13
2026-02-14T00:00,0.816,2.9,low,94.84
2026-02-14T01:00,0.809,2.8,low,101.19
2026-02-14T02:00,0.793,2.6,low,102.22
2026-02-14T03:00,0.832,2.7,medium,122.28
2026-02-14T04:00,0.942,2.9,medium,123.12
2026-02-14T05:00,0.89,3.2,medium,130.82
2026-02-14T06:00,1.021,5.5,low,122.44
2026-02-14T07:00,1.134,4.3,low,119.35
2026-02-14T08:00,1.173,7.2,high,173.27
2026-02-14T09:00,1.131,8.6,high,176.67
2026-02-14T10:00,0.984,9.0,medium,139.81
2026-02-14T11:00,0.87,6.9,medium,148.6
2026-02-14T12:00,0.709,5.8,low,117.22
2026-02-14T13:00,0.74,8.9,medium,138.41
2026-02-14T14:00,0.722,9.8,medium,134.16
2026-02-14T15:00,0.872,8.5,low,113.9
2026-02-14T16:00,1.063,8.4,medium,136.49
2026-02-14T17:00,1.284,7.6,medium,135.99
2026-02-14T18:00,1.368,5.8,low,127.83
2026-02-14T19:00,1.301,3.7,medium,141.12
2026-02-14T20:00,1.183,4.8,low,132.78
2026-02-14T21:00,1.047,3.4,low,126.44
2026-02-14T22:00,0.913,2.5,low,134.18
2026-02-14T23:00,0.896,3.2,low,94.11
2026-02-15T00:00,0.81,3.9,low,95.74
2026-02-15T01:00,0.814,0.9,low,95.25
2026-02-15T02:00,0.73,2.8,medium,124.51
2026-02-15T03:00,0.875,4.4,low,91.83
2026-02-15T04:00,0.833,2.1,medium,121.21
2026-02-15T05:00,0.933,3.1,low,94.01
2026-02-15T06:00,1.002,4.0,medium,148.54
2026-02-15T07:00,1.191,5.4,medium,147.1
2026-02-15T08:00,1.221,5.3,medium,159.65
2026-02-15T09:00,1.128,8.3,low,109.11
2026-02-15T10:00,0.944,8.1,low,117.14
2026-02-15T11:00,0.817,6.8,low,119.45
2026-02-15T12:00,0.745,10.1,low,102.05
2026-02-15T13:00,0.71,7.8,medium,141.19
2026-02-15T14:00,0.802,7.3,medium,138.9
2026-02-15T15:00,0.939,8.6,high,163.72
2026-02-15T16:00,1.082,8.5,medium,133.64
2026-02-15T17:00,1.227,6.4,low,114.6
2026-02-15T18:00,1.373,6.7,low,119.79
2026-02-15T19:00,1.31,5.0,low,113.1
2026-02-15T20:00,1.188,5.7,low,115.71
2026-02-15T21:00,1.077,5.1,medium,147.77
2026-02-15T22:00,0.879,5.1,high,189.01
2026-02-15T23:00,0.875,3.8,low,98.07
2026-02-16T00:00,0.955,0.6,medium,139.19
2026-02-16T01:00,0.962,2.3,medium,136.22
2026-02-16T02:00,0.923,2.1,medium,128.35
2026-02-16T03:00,0.895,4.1,medium,120.43
2026-02-16T04:00,0.962,4.2,medium,133.18
2026-02-16T05:00,1.072,3.0,medium,124.06
2026-02-16T06:00,1.187,7.1,high,174.46
2026-02-16T07:00,1.288,4.8,low,118.65
2026-02-16T08:00,1.299,6.9,high,175.93
2026-02-16T09:00,1.224,7.4,medium,134.44
2026-02-16T10:00,1.06,8.1,low,117.95
2026-02-16T11:00,0.942,12.0,medium,117.96
2026-02-16T12:00,0.862,9.2,high,167.7
2026-02-16T13:00,0.774,9.1,high,182.92
2026-02-16T14:00,0.851,6.4,medium,146.58
2026-02-16T15:00,1.033,7.9,high,173.61
2026-02-16T16:00,1.133,7.9,medium,137.8
2026-02-16T17:00,1.324,7.5,high,177.07
2026-02-16T18:00,1.422,8.6,high,167.12
2026-02-16T19:00,1.389,6.1,medium,148.58
2026-02-16T20:00,1.263,4.7,medium,146.57
2026-02-16T21:00,1.134,6.3,medium,145.46
2026-02-16T22:00,1.016,5.2,medium,142.42
2026-02-16T23:00,0.945,1.3,medium,128.93
2026-02-17T00:00,0.897,1.9,medium,133.4
2026-02-17T01:00,0.948,4.5,low,97.38
2026-02-17T02:00,0.941,2.0,medium,133.7
2026-02-17T03:00,0.963,3.8,medium,115.21
2026-02-17T04:00,0.965,2.5,low,97.95
2026-02-17T05:00,1.042,4.8,medium,117.29
2026-02-17T06:00,1.175,4.5,medium,156.32
2026-02-17T07:00,1.287,6.8,medium,140.3
2026-02-17T08:00,1.285,4.3,medium,152.44
2026-02-17T09:00,1.227,6.3,high,188.88
2026-02-17T10:00,1.116,9.0,medium,137.87
2026-02-17T11:00,0.955,8.4,low,118.35
2026-02-17T12:00,0.815,7.5,low,110.3
2026-02-17T13:00,0.766,7.1,high,175.79
2026-02-17T14:00,0.859,9.4,medium,132.47
2026-02-17T15:00,1.0,9.7,medium,133.07
2026-02-17T16:00,1.127,11.3,medium,121.56
2026-02-17T17:00,1.389,5.5,medium,150.37
2026-02-17T18:00,1.41,6.1,high,180.59
2026-02-17T19:00,1.381,6.9,medium,140.66
2026-02-17T20:00,1.249,1.4,medium,142.31
2026-02-17T21:00,1.107,3.7,low,130.11
2026-02-17T22:00,1.016,3.2,medium,152.39
2026-02-17T23:00,0.928,1.4,high,159.62
2026-02-18T00:00,0.926,3.0,low,101.52
2026-02-18T01:00,0.946,1.8,medium,126.41
2026-02-18T02:00,0.954,3.3,high,154.92
2026-02-18T03:00,0.881,3.2,medium,120.69
2026-02-18T04:00,0.956,2.1,high,156.09
2026-02-18T05:00,1.033,4.0,low,87.69
2026-02-18T06:00,1.22,5.7,low,121.84
2026-02-18T07:00,1.238,7.4,medium,132.29
2026-02-18T08:00,1.275,5.3,low,121.67
2026-02-18T09:00,1.19,7.3,medium,142.48
2026-02-18T10:00,1.094,9.2,medium,143.29
2026-02-18T11:00,0.933,7.5,medium,143.84
2026-02-18T12:00,0.791,8.8,medium,133.6
2026-02-18T13:00,0.803,10.3,low,108.09
2026-02-18T14:00,0.836,9.2,medium,135.3
2026-02-18T15:00,0.965,9.6,medium,138.87
2026-02-18T16:00,1.157,7.4,medium,140.18
2026-02-18T17:00,1.32,9.2,medium,138.76
2026-02-18T18:00,1.446,6.4,medium,139.32
2026-02-18T19:00,1.408,5.1,low,128.0
2026-02-18T20:00,1.229,8.3,medium,143.59
2026-02-18T21:00,1.117,4.4,medium,151.45
2026-02-18T22:00,1.022,4.6,medium,151.04
2026-02-18T23:00,0.94,5.8,high,152.57
2026-02-19T00:00,0.964,1.2,low,102.88
2026-02-19T01:00,0.905,2.5,low,100.08
2026-02-19T02:00,0.901,2.6,medium,125.45
2026-02-19T03:00,0.977,3.1,medium,121.41
2026-02-19T04:00,1.019,3.8,medium,125.18
2026-02-19T05:00,1.056,3.9,medium,131.33
2026-02-19T06:00,1.212,5.7,low,116.16
2026-02-19T07:00,1.289,7.0,high,167.74
2026-02-19T08:00,1.372,7.0,medium,142.35
2026-02-19T09:00,1.258,8.1,medium,138.06
2026-02-19T10:00,1.099,7.1,low,108.87
2026-02-19T11:00,0.915,8.9,medium,135.19
2026-02-19T12:00,0.785,8.8,medium,138.83
2026-02-19T13:00,0.818,8.1,medium,144.44
2026-02-19T14:00,0.889,8.8,high,160.37
2026-02-19T15:00,0.932,10.4,low,97.96
2026-02-19T16:00,1.144,7.8,low,118.93
2026-02-19T17:00,1.315,8.5,high,172.09
2026-02-19T18:00,1.395,5.6,medium,146.33
2026-02-19T19:00,1.413,8.5,medium,134.79
2026-02-19T20:00,1.241,4.9,low,112.49
2026-02-19T21:00,1.103,5.0,medium,144.67
2026-02-19T22:00,0.993,3.6,high,188.18
2026-02-19T23:00,0.951,5.6,low,84.72
2026-02-20T00:00,0.84,1.9,low,96.79
2026-02-20T01:00,0.986,2.5,high,149.07
2026-02-20T02:00,0.893,3.6,medium,133.38
2026-02-20T03:00,0.907,4.1,medium,119.13
2026-02-20T04:00,0.991,4.3,medium,117.27
2026-02-20T05:00,1.032,3.6,low,94.29
2026-02-20T06:00,1.151,4.2,medium,144.43
2026-02-20T07:00,1.277,4.5,medium,144.35
2026-02-20T08:00,1.327,5.8,low,119.68
2026-02-20T09:00,1.232,7.7,medium,138.73
2026-02-20T10:00,1.021,9.3,high,166.74
2026-02-20T11:00,0.903,11.9,high,151.18
2026-02-20T12:00,0.785,9.2,medium,134.87
2026-02-20T13:00,0.827,11.1,medium,130.91
2026-02-20T14:00,0.83,10.7,high,156.82
2026-02-20T15:00,0.959,10.3,medium,124.39
2026-02-20T16:00,1.108,9.0,low,115.52
2026-02-20T17:00,1.345,6.1,medium,150.17
2026-02-20T18:00,1.383,6.7,low,114.74
2026-02-20T19:00,1.427,5.3,medium,157.0
2026-02-20T20:00,1.222,6.0,low,115.41
2026-02-20T21:00,1.117,5.1,medium,142.67
2026-02-20T22:00,1.058,5.1,high,179.07
2026-02-20T23:00,0.936,2.1,low,103.84
2026-02-21T00:00,0.774,2.1,low,96.98
2026-02-21T01:00,0.828,2.0,medium,116.48
2026-02-21T02:00,0.821,2.5,low,94.7
2026-02-21T03:00,0.847,2.2,medium,126.24
2026-02-21T04:00,0.788,3.7,low,88.89
2026-02-21T05:00,0.991,5.9,medium,111.61
2026-02-21T06:00,1.105,7.3,low,112.87
2026-02-21T07:00,1.135,5.4,medium,155.6
2026-02-21T08:00,1.19,6.6,low,118.8
2026-02-21T09:00,1.17,7.7,high,177.79
2026-02-21T10:00,0.966,8.4,high,170.17
2026-02-21T11:00,0.862,7.7,low,113.73
2026-02-21T12:00,0.694,8.7,medium,131.11
2026-02-21T13:00,0.661,9.5,low,105.49
2026-02-21T14:00,0.743,9.0,high,162.48
2026-02-21T15:00,0.825,8.1,low,123.36
2026-02-21T16:00,1.051,8.8,medium,129.54
2026-02-21T17:00,1.211,6.0,low,112.87
2026-02-21T18:00,1.288,7.4,high,176.56
2026-02-21T19:00,1.309,5.4,low,124.33
2026-02-21T20:00,1.125,6.0,low,123.97
2026-02-21T21:00,1.059,4.4,medium,156.93
2026-02-21T22:00,0.896,2.4,low,129.08
2026-02-21T23:00,0.805,4.8,medium,118.4
2026-02-22T00:00,0.914,1.8,low,98.13
2026-02-22T01:00,0.801,-0.8,low,107.16
2026-02-22T02:00,0.855,4.3,medium,115.98
2026-02-22T03:00,0.807,4.2,medium,127.46
2026-02-22T04:00,0.875,4.0,low,92.74
2026-02-22T05:00,0.938,6.0,high,139.41
2026-02-22T06:00,1.037,6.0,medium,144.35
2026-02-22T07:00,1.167,6.6,medium,147.34
2026-02-22T08:00,1.188,8.5,low,118.86
2026-02-22T09:00,1.126,6.9,medium,149.66
2026-02-22T10:00,0.991,8.7,low,105.43
2026-02-22T11:00,0.86,10.9,medium,124.28
2026-02-22T12:00,0.667,9.6,high,160.96
2026-02-22T13:00,0.684,9.8,medium,127.38
2026-02-22T14:00,0.763,8.5,medium,134.18
2026-02-22T15:00,0.923,9.6,medium,141.71
2026-02-22T16:00,1.095,7.8,high,171.13
2026-02-22T17:00,1.255,9.6,medium,132.74
2026-02-22T18:00,1.301,6.6,medium,149.06
2026-02-22T19:00,1.249,6.0,low,113.75
2026-02-22T20:00,1.129,6.2,low,104.86
2026-02-22T21:00,1.045,4.9,low,126.41
2026-02-22T22:00,0.925,2.0,high,188.9
2026-02-22T23:00,0.857,2.1,low,101.48
2026-02-23T00:00,0.971,2.4,medium,126.85
2026-02-23T01:00,0.902,4.8,high,143.82
2026-02-23T02:00,0.916,2.8,medium,116.9
2026-02-23T03:00,0.951,3.6,high,155.04
2026-02-23T04:00,0.955,2.7,low,97.34
2026-02-23T05:00,1.052,3.1,low,96.66
2026-02-23T06:00,1.137,5.1,high,178.55
2026-02-23T07:00,1.291,6.3,medium,148.91
2026-02-23T08:00,1.317,7.7,medium,147.12
2026-02-23T09:00,1.228,7.2,medium,140.75
2026-02-23T10:00,1.062,9.3,high,165.87
2026-02-23T11:00,0.941,10.7,medium,133.24
2026-02-23T12:00,0.798,9.7,medium,131.83
2026-02-23T13:00,0.777,10.8,low,104.86
2026-02-23T14:00,0.81,8.6,high,166.54
2026-02-23T15:00,0.937,8.4,high,179.11
2026-02-23T16:00,1.15,7.4,high,173.04
2026-02-23T17:00,1.307,9.5,high,173.44
2026-02-23T18:00,1.394,7.5,medium,138.58
2026-02-23T19:00,1.355,6.5,high,179.47
2026-02-23T20:00,1.207,3.8,medium,149.4
2026-02-23T21:00,1.07,5.4,medium,135.75
2026-02-23T22:00,1.051,4.4,low,120.14
2026-02-23T23:00,0.959,3.9,low,87.83
2026-02-24T00:00,0.972,4.8,medium,115.14
2026-02-24T01:00,0.966,3.8,medium,115.62
2026-02-24T02:00,0.882,4.3,medium,125.64
2026-02-24T03:00,0.931,2.6,medium,134.34
2026-02-24T04:00,0.981,3.1,medium,120.55
2026-02-24T05:00,1.043,4.7,high,149.51
2026-02-24T06:00,1.128,5.1,medium,141.01
2026-02-24T07:00,1.281,6.9,high,171.35
2026-02-24T08:00,1.317,7.6,high,172.76
2026-02-24T09:00,1.19,6.4,low,117.38
2026-02-24T10:00,1.1,6.5,high,175.49
2026-02-24T11:00,0.915,9.8,medium,135.48
2026-02-24T12:00,0.78,10.7,low,101.47
2026-02-24T13:00,0.764,7.4,medium,135.41
2026-02-24T14:00,0.883,9.2,high,165.69
2026-02-24T15:00,0.996,12.9,medium,123.88
2026-02-24T16:00,1.191,9.6,medium,131.9
2026-02-24T17:00,1.342,7.5,medium,130.35
2026-02-24T18:00,1.477,5.6,medium,144.79
2026-02-24T19:00,1.36,6.1,medium,149.66
2026-02-24T20:00,1.215,5.2,medium,149.46
2026-02-24T21:00,1.151,7.0,low,110.35
2026-02-24T22:00,1.064,4.3,low,124.79
2026-02-24T23:00,0.957,3.6,medium,116.59
2026-02-25T00:00,0.935,3.6,medium,117.51
2026-02-25T01:00,0.94,3.9,medium,114.47
2026-02-25T02:00,0.942,4.9,medium,113.6
2026-02-25T03:00,0.947,4.6,medium,126.46
2026-02-25T04:00,0.988,3.7,medium,116.46
2026-02-25T05:00,1.073,2.9,medium,136.29
2026-02-25T06:00,1.159,5.3,medium,146.1
2026-02-25T07:00,1.253,6.3,high,160.69
2026-02-25T08:00,1.309,6.2,low,119.56
2026-02-25T09:00,1.214,6.4,high,177.72
2026-02-25T10:00,1.114,9.8,high,164.56
2026-02-25T11:00,0.926,8.3,medium,145.54
2026-02-25T12:00,0.776,9.7,high,153.21
2026-02-25T13:00,0.834,10.2,low,100.64
2026-02-25T14:00,0.9,8.9,high,166.34
2026-02-25T15:00,0.978,8.8,low,110.16
2026-02-25T16:00,1.234,8.8,medium,135.42
2026-02-25T17:00,1.36,6.0,medium,144.76
2026-02-25T18:00,1.451,8.2,high,172.77
2026-02-25T19:00,1.395,7.4,low,120.37
2026-02-25T20:00,1.204,6.6,low,114.59
2026-02-25T21:00,1.081,5.8,low,108.52
2026-02-25T22:00,1.029,4.8,high,184.86
2026-02-25T23:00,0.988,6.0,low,88.07
2026-02-26T00:00,0.874,4.4,low,93.13
2026-02-26T01:00,0.889,2.4,low,92.83
2026-02-26T02:00,0.942,4.8,low,92.05
2026-02-26T03:00,0.878,2.9,medium,123.8
2026-02-26T04:00,0.954,4.7,high,164.1
2026-02-26T05:00,1.056,3.5,high,157.87
2026-02-26T06:00,1.16,5.7,high,169.37
2026-02-26T07:00,1.204,4.4,high,187.57
2026-02-26T08:00,1.288,8.5,low,107.39
2026-02-26T09:00,1.195,8.7,high,159.55
2026-02-26T10:00,1.05,8.7,medium,135.17
2026-02-26T11:00,0.895,7.9,high,168.84
2026-02-26T12:00,0.831,10.0,low,102.07
2026-02-26T13:00,0.8,9.9,low,109.55
2026-02-26T14:00,0.917,11.5,medium,134.4
2026-02-26T15:00,0.909,8.4,low,104.19
2026-02-26T16:00,1.182,8.6,medium,142.44
2026-02-26T17:00,1.319,10.9,medium,126.83
2026-02-26T18:00,1.431,9.0,high,159.68
2026-02-26T19:00,1.333,6.6,high,181.04
2026-02-26T20:00,1.268,4.9,low,130.28
2026-02-26T21:00,1.146,4.4,low,126.75
2026-02-26T22:00,1.038,4.3,medium,137.8
2026-02-26T23:00,0.958,3.5,medium,120.86
2026-02-27T00:00,0.957,5.5,low,82.52
2026-02-27T01:00,0.86,3.6,low,93.45
2026-02-27T02:00,0.9,3.5,medium,125.58
2026-02-27T03:00,0.925,2.4,medium,116.61
2026-02-27T04:00,0.968,6.5,high,139.64
2026-02-27T05:00,1.031,6.7,medium,110.55
2026-02-27T06:00,1.198,4.4,medium,149.71
2026-02-27T07:00,1.27,9.1,medium,132.25
2026-02-27T08:00,1.228,6.6,medium,140.66
2026-02-27T09:00,1.191,6.5,low,106.49
2026-02-27T10:00,0.983,8.6,low,101.12
2026-02-27T11:00,0.93,9.3,low,105.16
2026-02-27T12:00,0.799,10.6,medium,136.56
2026-02-27T13:00,0.762,9.8,medium,134.51
2026-02-27T14:00,0.846,9.4,low,106.15
2026-02-27T15:00,0.937,9.3,medium,134.58
2026-02-27T16:00,1.155,10.6,high,145.26
2026-02-27T17:00,1.382,9.0,high,168.28
2026-02-27T18:00,1.449,7.9,high,168.05
2026-02-27T19:00,1.36,5.9,low,108.67
2026-02-27T20:00,1.194,4.8,low,127.21
2026-02-27T21:00,1.159,2.7,low,131.12
2026-02-27T22:00,1.006,4.1,low,129.0
2026-02-27T23:00,0.963,4.5,low,87.21
2026-02-28T00:00,0.766,2.8,low,88.8
2026-02-28T01:00,0.822,4.3,medium,130.26
2026-02-28T02:00,0.862,0.8,medium,124.76
2026-02-28T03:00,0.922,3.7,medium,120.88
2026-02-28T04:00,0.889,2.9,medium,123.63
2026-02-28T05:00,0.965,6.3,medium,118.55
2026-02-28T06:00,1.028,5.8,high,180.28
2026-02-28T07:00,1.175,8.0,medium,132.29
2026-02-28T08:00,1.243,8.0,low,112.86
2026-02-28T09:00,1.137,7.2,medium,131.68
2026-02-28T10:00,0.991,7.4,medium,142.61
2026-02-28T11:00,0.864,8.6,high,168.06
2026-02-28T12:00,0.708,10.0,low,92.24
2026-02-28T13:00,0.692,8.8,low,102.48
2026-02-28T14:00,0.774,10.2,low,102.53
2026-02-28T15:00,0.88,8.5,medium,143.96
2026-02-28T16:00,1.082,11.4,medium,127.23
2026-02-28T17:00,1.269,9.2,high,159.01
2026-02-28T18:00,1.311,8.0,medium,146.12
2026-02-28T19:00,1.307,6.8,low,121.56
2026-02-28T20:00,1.184,4.4,low,122.91
2026-02-28T21:00,0.94,6.4,medium,152.24
2026-02-28T22:00,0.967,6.5,medium,139.25
2026-02-28T23:00,0.837,4.9,low,99.81
2026-03-01T00:00,0.826,3.1,low,96.91
2026-03-01T01:00,0.75,3.4,medium,126.02
2026-03-01T02:00,0.751,4.4,low,99.07
2026-03-01T03:00,0.82,3.9,medium,123.51
2026-03-01T04:00,0.809,2.5,low,105.37
2026-03-01T05:00,0.988,6.2,high,147.7
2026-03-01T06:00,1.043,6.6,low,122.22
2026-03-01T07:00,1.14,7.6,medium,132.18
2026-03-01T08:00,1.247,10.8,high,171.14
2026-03-01T09:00,1.159,4.9,medium,149.87
2026-03-01T10:00,0.985,8.6,medium,136.18
2026-03-01T11:00,0.789,9.2,high,173.32
2026-03-01T12:00,0.699,9.9,medium,147.81
2026-03-01T13:00,0.695,11.7,medium,128.23
2026-03-01T14:00,0.79,10.6,medium,133.27
2026-03-01T15:00,0.821,9.1,medium,136.18
2026-03-01T16:00,1.127,9.6,high,168.79
2026-03-01T17:00,1.268,8.5,medium,135.09
2026-03-01T18:00,1.314,9.8,high,165.12
2026-03-01T19:00,1.285,5.2,high,182.41
2026-03-01T20:00,1.113,7.6,low,105.78
2026-03-01T21:00,1.03,5.9,high,175.98
2026-03-01T22:00,0.907,5.2,medium,145.86
2026-03-01T23:00,0.938,2.4,medium,124.0
2026-03-02T00:00,0.983,5.5,medium,129.23
2026-03-02T01:00,0.949,3.0,low,87.78
2026-03-02T02:00,0.892,5.5,low,93.21
2026-03-02T03:00,0.977,6.3,low,91.01
2026-03-02T04:00,0.999,5.0,low,78.8
2026-03-02T05:00,1.061,3.1,low,91.04
2026-03-02T06:00,1.163,5.7,low,118.61
2026-03-02T07:00,1.323,7.3,medium,142.92
2026-03-02T08:00,1.26,8.3,low,108.99
2026-03-02T09:00,1.173,8.0,medium,137.79
2026-03-02T10:00,1.096,6.8,high,176.48
2026-03-02T11:00,0.911,11.1,low,98.12
2026-03-02T12:00,0.839,9.8,high,168.44
2026-03-02T13:00,0.809,10.1,high,158.16
2026-03-02T14:00,0.799,10.2,medium,138.27
2026-03-02T15:00,0.975,10.9,medium,133.2
2026-03-02T16:00,1.152,8.8,low,112.16
2026-03-02T17:00,1.328,10.6,medium,127.81
2026-03-02T18:00,1.404,9.6,medium,126.37
2026-03-02T19:00,1.363,8.0,medium,133.44
2026-03-02T20:00,1.306,8.1,low,111.38
2026-03-02T21:00,1.159,7.8,low,111.05
2026-03-02T22:00,0.989,6.1,low,125.69
2026-03-02T23:00,0.929,3.9,medium,136.29
2026-03-03T00:00,0.902,2.7,low,99.06
2026-03-03T01:00,0.931,4.0,low,97.39
2026-03-03T02:00,0.942,5.8,low,87.03
2026-03-03T03:00,0.966,3.6,low,100.84
2026-03-03T04:00,0.948,7.8,medium,106.29
2026-03-03T05:00,1.05,4.8,low,93.36
2026-03-03T06:00,1.157,3.4,low,125.09
2026-03-03T07:00,1.233,6.7,high,187.7
2026-03-03T08:00,1.285,8.0,medium,143.59
2026-03-03T09:00,1.203,8.3,high,161.55
2026-03-03T10:00,1.098,10.9,medium,120.75
2026-03-03T11:00,0.954,9.7,low,107.25
2026-03-03T12:00,0.786,9.3,medium,138.45
2026-03-03T13:00,0.78,12.1,medium,126.32
2026-03-03T14:00,0.841,10.1,medium,133.52
2026-03-03T15:00,1.012,8.0,high,162.94
2026-03-03T16:00,1.157,10.2,high,160.09
2026-03-03T17:00,1.371,8.8,high,173.27
2026-03-03T18:00,1.443,7.9,high,154.96
2026-03-03T19:00,1.431,7.8,high,167.29
2026-03-03T20:00,1.3,6.4,high,180.7
2026-03-03T21:00,1.155,6.6,medium,145.13
2026-03-03T22:00,1.081,2.6,low,138.26
2026-03-03T23:00,0.939,5.7,high,151.12
2026-03-04T00:00,0.882,5.3,medium,117.41
2026-03-04T01:00,0.902,4.8,medium,123.66
2026-03-04T02:00,0.987,5.1,medium,115.59
2026-03-04T03:00,0.979,4.5,low,93.36
2026-03-04T04:00,0.966,8.3,medium,99.71
2026-03-04T05:00,1.059,7.0,medium,108.36
2026-03-04T06:00,1.154,5.9,low,115.63
2026-03-04T07:00,1.382,9.4,medium,137.83
2026-03-04T08:00,1.238,7.4,medium,132.0
2026-03-04T09:00,1.232,10.2,medium,135.94
2026-03-04T10:00,1.082,9.3,low,103.19
2026-03-04T11:00,0.981,10.8,medium,132.02
2026-03-04T12:00,0.748,12.0,medium,124.26
2026-03-04T13:00,0.833,12.1,high,155.16
2026-03-04T14:00,0.854,11.2,high,150.03
2026-03-04T15:00,0.964,11.2,medium,120.94
2026-03-04T16:00,1.149,8.2,low,102.5
2026-03-04T17:00,1.315,10.6,medium,130.72
2026-03-04T18:00,1.4,8.5,high,171.79
2026-03-04T19:00,1.405,7.7,high,175.27
2026-03-04T20:00,1.214,5.3,medium,140.49
2026-03-04T21:00,1.11,6.0,medium,142.27
2026-03-04T22:00,1.069,6.3,high,171.47
2026-03-04T23:00,0.958,3.4,high,163.4
2026-03-05T00:00,0.872,3.4,low,96.25
2026-03-05T01:00,0.913,4.8,high,147.41
2026-03-05T02:00,0.94,5.3,low,92.2
2026-03-05T03:00,0.947,4.2,low,85.27
2026-03-05T04:00,0.983,3.5,low,104.17
2026-03-05T05:00,1.089,5.7,low,89.23
2026-03-05T06:00,1.163,7.3,medium,141.04
2026-03-05T07:00,1.21,8.4,high,167.76
2026-03-05T08:00,1.315,9.6,low,114.44
2026-03-05T09:00,1.155,10.4,low,102.84
2026-03-05T10:00,1.014,10.0,medium,130.04
2026-03-05T11:00,0.909,10.3,medium,130.8
2026-03-05T12:00,0.826,11.7,high,144.6
2026-03-05T13:00,0.77,11.6,medium,129.34
2026-03-05T14:00,0.839,9.7,medium,120.33
2026-03-05T15:00,1.016,11.0,medium,133.82
2026-03-05T16:00,1.176,10.8,low,105.81
2026-03-05T17:00,1.344,9.8,high,167.02
2026-03-05T18:00,1.42,7.1,low,113.7
2026-03-05T19:00,1.408,7.4,medium,147.91
2026-03-05T20:00,1.302,6.7,medium,140.08
2026-03-05T21:00,1.186,6.3,medium,146.04
2026-03-05T22:00,0.96,5.7,low,125.69
2026-03-05T23:00,0.954,6.0,medium,118.77
2026-03-06T00:00,0.937,5.1,medium,115.8
2026-03-06T01:00,0.912,7.6,low,76.46
2026-03-06T02:00,0.956,4.6,medium,122.39
2026-03-06T03:00,0.936,6.1,low,80.65
2026-03-06T04:00,0.963,4.0,low,96.66
2026-03-06T05:00,1.001,5.1,medium,121.47
2026-03-06T06:00,1.13,7.8,low,112.99
2026-03-06T07:00,1.254,7.8,medium,145.61
2026-03-06T08:00,1.313,9.1,low,116.11
2026-03-06T09:00,1.245,10.6,medium,129.37
2026-03-06T10:00,1.098,11.5,low,109.06
2026-03-06T11:00,0.942,10.8,medium,119.83
2026-03-06T12:00,0.794,9.7,medium,127.0
2026-03-06T13:00,0.849,8.2,low,107.46
2026-03-06T14:00,0.778,12.0,medium,123.53
2026-03-06T15:00,1.014,10.3,medium,131.59
2026-03-06T16:00,1.189,9.3,high,163.76
2026-03-06T17:00,1.347,9.1,low,102.16
2026-03-06T18:00,1.409,7.1,medium,135.9
2026-03-06T19:00,1.376,8.7,medium,131.18
2026-03-06T20:00,1.171,7.1,medium,132.32
2026-03-06T21:00,1.196,6.1,low,119.25
2026-03-06T22:00,1.029,4.6,medium,160.85
2026-03-06T23:00,0.966,4.8,low,94.45
2026-03-07T00:00,0.8,5.7,medium,115.98
2026-03-07T01:00,0.871,2.5,low,92.81
2026-03-07T02:00,0.813,5.9,low,85.96
2026-03-07T03:00,0.872,6.2,high,141.28
2026-03-07T04:00,0.868,7.5,medium,115.44
2026-03-07T05:00,0.947,5.1,medium,122.3
2026-03-07T06:00,1.106,8.2,low,102.07
2026-03-07T07:00,1.17,7.1,low,121.42
2026-03-07T08:00,1.165,9.3,medium,136.78
2026-03-07T09:00,1.058,8.6,low,109.11
2026-03-07T10:00,1.006,10.2,low,104.9
2026-03-07T11:00,0.8,11.0,low,100.3
2026-03-07T12:00,0.773,11.9,medium,128.49
2026-03-07T13:00,0.752,10.6,medium,126.61
2026-03-07T14:00,0.708,11.7,low,94.01
2026-03-07T15:00,0.911,8.8,low,112.24
2026-03-07T16:00,1.124,10.4,high,159.75
2026-03-07T17:00,1.235,11.5,medium,125.36
2026-03-07T18:00,1.372,8.2,medium,138.63
2026-03-07T19:00,1.256,6.4,medium,140.58
2026-03-07T20:00,1.151,7.6,low,111.34
2026-03-07T21:00,0.992,5.4,medium,148.87
2026-03-07T22:00,0.934,6.0,medium,148.52
2026-03-07T23:00,0.809,5.1,medium,125.29
2026-03-08T00:00,0.837,5.5,low,92.89
2026-03-08T01:00,0.786,3.7,medium,120.28
2026-03-08T02:00,0.844,5.1,low,90.62
2026-03-08T03:00,0.9,4.9,high,147.97
2026-03-08T04:00,0.913,5.5,low,91.48
2026-03-08T05:00,0.939,4.5,high,145.41
2026-03-08T06:00,1.036,7.9,medium,150.12
2026-03-08T07:00,1.216,8.0,low,109.13
2026-03-08T08:00,1.194,6.1,medium,151.02
2026-03-08T09:00,1.048,10.5,high,161.15
2026-03-08T10:00,0.971,10.9,medium,125.7
2026-03-08T11:00,0.856,9.3,low,113.65
2026-03-08T12:00,0.698,11.5,low,106.7
2026-03-08T13:00,0.684,11.2,medium,135.61
2026-03-08T14:00,0.688,13.2,low,87.86
2026-03-08T15:00,0.907,13.2,high,151.54
2026-03-08T16:00,1.034,11.8,medium,140.75
2026-03-08T17:00,1.258,7.9,medium,132.55
2026-03-08T18:00,1.382,8.2,medium,138.32
2026-03-08T19:00,1.337,7.0,low,128.23
2026-03-08T20:00,1.171,6.7,high,178.55
2026-03-08T21:00,0.992,7.5,high,169.61
2026-03-08T22:00,0.911,6.3,medium,144.29
2026-03-08T23:00,0.878,7.4,medium,102.87
2026-03-09T00:00,0.964,3.7,medium,133.18
2026-03-09T01:00,0.936,6.3,medium,102.48
2026-03-09T02:00,0.867,6.3,medium,121.35
2026-03-09T03:00,0.892,6.3,medium,106.59
2026-03-09T04:00,0.945,7.2,medium,110.6
2026-03-09T05:00,1.012,7.0,medium,112.19
2026-03-09T06:00,1.121,5.8,low,112.73
2026-03-09T07:00,1.3,8.0,low,114.12
2026-03-09T08:00,1.21,8.7,high,169.57
2026-03-09T09:00,1.156,9.0,medium,126.58
2026-03-09T10:00,1.014,10.7,medium,125.97
2026-03-09T11:00,0.855,11.2,medium,124.87
2026-03-09T12:00,0.845,13.5,high,156.2
2026-03-09T13:00,0.775,14.0,medium,115.53
2026-03-09T14:00,0.795,9.4,high,169.12
2026-03-09T15:00,1.035,11.6,medium,132.09
2026-03-09T16:00,1.169,11.0,medium,131.7
2026-03-09T17:00,1.34,9.5,high,160.22
2026-03-09T18:00,1.382,9.5,low,106.29
2026-03-09T19:00,1.371,9.5,medium,126.34
2026-03-09T20:00,1.246,7.4,high,158.34
2026-03-09T21:00,1.052,6.2,medium,152.4
2026-03-09T22:00,0.995,6.3,low,116.9
2026-03-09T23:00,1.002,6.4,medium,110.88
2026-03-10T00:00,0.915,5.3,low,87.02
2026-03-10T01:00,0.969,4.4,medium,112.19
2026-03-10T02:00,0.922,4.3,low,98.48
2026-03-10T03:00,0.948,5.8,high,159.96
2026-03-10T04:00,1.058,4.9,medium,118.58
2026-03-10T05:00,1.039,6.7,low,93.92
2026-03-10T06:00,1.137,8.2,high,163.56
2026-03-10T07:00,1.254,8.2,high,176.72
2026-03-10T08:00,1.316,8.7,medium,133.41
2026-03-10T09:00,1.22,10.2,low,106.16
2026-03-10T10:00,1.116,8.9,high,171.96
2026-03-10T11:00,0.903,12.3,high,151.98
2026-03-10T12:00,0.813,12.4,high,149.61
2026-03-10T13:00,0.895,11.6,high,156.36
2026-03-10T14:00,0.814,9.6,low,109.24
2026-03-10T15:00,1.003,12.0,high,159.11
2026-03-10T16:00,1.065,12.1,high,162.8
2026-03-10T17:00,1.354,9.6,medium,127.5
2026-03-10T18:00,1.472,7.1,low,123.94
2026-03-10T19:00,1.432,8.6,medium,139.67
2026-03-10T20:00,1.254,10.0,medium,119.57
2026-03-10T21:00,1.072,5.2,medium,146.51
2026-03-10T22:00,1.065,7.0,medium,142.78
2026-03-10T23:00,0.949,4.8,medium,111.37
2026-03-11T00:00,0.848,3.7,medium,123.51
2026-03-11T01:00,0.933,6.1,medium,107.7
2026-03-11T02:00,0.969,4.9,low,99.87
2026-03-11T03:00,0.927,6.7,medium,111.4
2026-03-11T04:00,0.965,3.2,medium,124.52
2026-03-11T05:00,1.061,6.2,low,84.07
2026-03-11T06:00,1.242,8.9,medium,133.07
2026-03-11T07:00,1.284,10.8,low,100.75
2026-03-11T08:00,1.315,8.7,high,166.74
2026-03-11T09:00,1.281,9.7,medium,130.94
2026-03-11T10:00,1.012,11.6,medium,125.99
2026-03-11T11:00,0.898,10.0,medium,123.1
2026-03-11T12:00,0.743,11.7,medium,121.52
2026-03-11T13:00,0.777,11.7,medium,116.7
2026-03-11T14:00,0.814,12.0,low,95.79
2026-03-11T15:00,1.016,11.5,low,109.11
2026-03-11T16:00,1.121,10.7,medium,128.37
2026-03-11T17:00,1.382,11.2,low,98.43
2026-03-11T18:00,1.485,11.1,high,156.39
2026-03-11T19:00,1.389,8.9,low,109.84
2026-03-11T20:00,1.293,8.4,low,106.99
2026-03-11T21:00,1.081,6.8,low,120.06
2026-03-11T22:00,0.995,6.1,medium,146.03
2026-03-11T23:00,0.974,5.3,high,151.11
2026-03-12T00:00,0.906,7.0,medium,108.21
2026-03-12T01:00,0.878,5.0,high,164.66
2026-03-12T02:00,0.933,6.2,medium,105.67
2026-03-12T03:00,0.894,6.9,low,89.65
2026-03-12T04:00,0.989,6.8,medium,108.59
2026-03-12T05:00,0.984,8.5,medium,105.33
2026-03-12T06:00,1.094,5.5,low,116.09
2026-03-12T07:00,1.223,7.7,low,115.73
2026-03-12T08:00,1.319,9.4,low,118.18
2026-03-12T09:00,1.211,10.6,medium,138.06
2026-03-12T10:00,1.025,11.5,high,161.53
2026-03-12T11:00,0.943,10.0,low,107.08
2026-03-12T12:00,0.826,12.2,high,163.44
2026-03-12T13:00,0.783,12.7,medium,117.78
2026-03-12T14:00,0.788,10.7,low,111.23
2026-03-12T15:00,0.985,10.5,high,147.86
2026-03-12T16:00,1.166,9.2,medium,133.19
2026-03-12T17:00,1.385,8.5,medium,137.53
2026-03-12T18:00,1.404,7.4,medium,139.12
2026-03-12T19:00,1.351,7.6,low,115.5
2026-03-12T20:00,1.293,6.9,medium,129.03
2026-03-12T21:00,1.122,5.9,low,125.79
2026-03-12T22:00,1.006,7.0,low,115.53
2026-03-12T23:00,0.978,6.7,medium,110.11
2026-03-13T00:00,0.948,4.1,low,92.18
2026-03-13T01:00,0.974,7.6,medium,107.14
2026-03-13T02:00,0.918,3.4,medium,127.53
2026-03-13T03:00,0.897,5.5,medium,125.65
2026-03-13T04:00,0.99,7.0,medium,116.51
2026-03-13T05:00,1.071,8.1,low,81.6
2026-03-13T06:00,1.17,7.9,high,169.25
2026-03-13T07:00,1.287,9.8,low,95.81
2026-03-13T08:00,1.336,10.0,medium,135.14
2026-03-13T09:00,1.241,10.2,medium,136.59
2026-03-13T10:00,1.139,11.6,medium,131.91
2026-03-13T11:00,0.959,9.6,high,164.86
2026-03-13T12:00,0.849,11.2,medium,129.93
2026-03-13T13:00,0.777,13.1,high,159.11
2026-03-13T14:00,0.91,11.0,low,108.48
2026-03-13T15:00,1.013,13.2,low,86.47
2026-03-13T16:00,1.16,12.2,medium,125.02
2026-03-13T17:00,1.33,9.6,low,102.94
2026-03-13T18:00,1.454,8.4,medium,137.74
2026-03-13T19:00,1.367,9.0,medium,130.57
2026-03-13T20:00,1.293,8.4,medium,132.08
2026-03-13T21:00,1.159,8.2,medium,145.43
2026-03-13T22:00,1.02,8.5,medium,131.8
2026-03-13T23:00,0.975,7.2,low,76.87
2026-03-14T00:00,0.839,5.8,low,93.63
2026-03-14T01:00,0.742,6.5,high,148.27
2026-03-14T02:00,0.831,6.0,medium,110.68
2026-03-14T03:00,0.795,6.3,medium,112.87
2026-03-14T04:00,0.862,4.8,medium,117.33
2026-03-14T05:00,0.984,6.5,low,80.41
2026-03-14T06:00,1.06,5.3,low,119.38
2026-03-14T07:00,1.213,10.4,medium,126.85
2026-03-14T08:00,1.214,11.0,medium,123.99
2026-03-14T09:00,1.079,12.0,medium,119.73
2026-03-14T10:00,0.98,12.0,low,94.78
2026-03-14T11:00,0.864,11.5,high,156.88
2026-03-14T12:00,0.712,12.4,medium,115.46
2026-03-14T13:00,0.684,12.1,medium,126.55
2026-03-14T14:00,0.726,11.4,medium,125.47
2026-03-14T15:00,0.781,11.9,low,100.91
2026-03-14T16:00,1.047,10.2,low,103.25
2026-03-14T17:00,1.231,9.8,medium,141.5
2026-03-14T18:00,1.395,9.4,high,155.88
2026-03-14T19:00,1.263,7.7,medium,134.59
2026-03-14T20:00,1.147,8.7,medium,134.49
2026-03-14T21:00,0.968,6.8,low,109.23
2026-03-14T22:00,0.89,7.9,medium,137.33
2026-03-14T23:00,0.866,5.4,low,80.14
2026-03-15T00:00,0.888,6.7,medium,107.67
2026-03-15T01:00,0.832,4.1,medium,119.91
2026-03-15T02:00,0.803,6.4,medium,108.62
2026-03-15T03:00,0.854,7.4,high,140.27
2026-03-15T04:00,0.882,6.0,low,87.68
2026-03-15T05:00,0.932,6.6,low,75.98
2026-03-15T06:00,1.073,9.4,medium,139.2
2026-03-15T07:00,1.159,10.4,medium,128.63
2026-03-15T08:00,1.235,10.8,low,106.16
2026-03-15T09:00,1.151,11.5,medium,127.18
2026-03-15T10:00,0.975,10.5,medium,141.76
2026-03-15T11:00,0.838,12.3,medium,122.44
2026-03-15T12:00,0.698,12.0,low,103.12
2026-03-15T13:00,0.665,10.7,high,159.18
2026-03-15T14:00,0.756,10.6,medium,122.87
2026-03-15T15:00,0.846,10.3,medium,131.04
2026-03-15T16:00,1.004,11.9,low,102.06
2026-03-15T17:00,1.197,9.7,low,108.61
2026-03-15T18:00,1.247,8.9,high,167.24
2026-03-15T19:00,1.243,10.1,medium,125.38
2026-03-15T20:00,1.18,6.2,medium,149.26
2026-03-15T21:00,1.05,7.9,medium,146.2
2026-03-15T22:00,0.955,7.1,low,103.25
2026-03-15T23:00,0.865,8.1,low,90.38
2026-03-16T00:00,0.981,6.1,low,84.8
2026-03-16T01:00,0.85,3.7,medium,125.68
2026-03-16T02:00,0.916,6.1,high,152.83
2026-03-16T03:00,0.942,4.2,low,99.84
2026-03-16T04:00,0.973,7.3,low,85.73
2026-03-16T05:00,1.067,7.4,low,86.44
2026-03-16T06:00,1.146,8.6,medium,136.25
2026-03-16T07:00,1.278,10.1,medium,133.88
2026-03-16T08:00,1.276,10.4,medium,132.37
2026-03-16T09:00,1.208,11.2,medium,137.25
2026-03-16T10:00,1.012,11.3,medium,129.41
2026-03-16T11:00,0.924,10.6,medium,131.67
2026-03-16T12:00,0.794,12.5,high,154.65
2026-03-16T13:00,0.881,11.8,medium,122.86
2026-03-16T14:00,0.855,11.1,medium,135.53
2026-03-16T15:00,1.008,12.7,medium,137.52
2026-03-16T16:00,1.231,11.0,medium,118.1
2026-03-16T17:00,1.381,10.5,medium,130.59
2026-03-16T18:00,1.446,8.9,high,180.72
2026-03-16T19:00,1.393,7.4,high,173.76
2026-03-16T20:00,1.24,8.9,medium,130.03
2026-03-16T21:00,1.098,9.3,medium,137.1
2026-03-16T22:00,1.001,7.9,low,116.94
2026-03-16T23:00,0.988,6.0,medium,120.84
2026-03-17T00:00,0.95,5.7,medium,113.56
2026-03-17T01:00,0.944,5.9,low,82.66
2026-03-17T02:00,0.956,5.9,medium,114.6
2026-03-17T03:00,0.933,5.7,low,81.97
2026-03-17T04:00,0.899,7.2,medium,101.17
2026-03-17T05:00,1.089,6.9,medium,103.21
2026-03-17T06:00,1.176,6.6,low,126.78
2026-03-17T07:00,1.284,8.2,medium,130.61
2026-03-17T08:00,1.327,7.8,medium,143.28
2026-03-17T09:00,1.277,10.6,medium,129.5
2026-03-17T10:00,1.105,10.8,medium,133.95
2026-03-17T11:00,0.919,12.8,low,94.03
2026-03-17T12:00,0.793,11.5,high,160.31
2026-03-17T13:00,0.832,11.6,high,162.61
2026-03-17T14:00,0.842,11.4,low,103.56
2026-03-17T15:00,0.951,12.9,medium,117.65
2026-03-17T16:00,1.122,10.8,medium,126.77
2026-03-17T17:00,1.305,11.3,low,102.72
2026-03-17T18:00,1.43,11.5,medium,118.0
2026-03-17T19:00,1.384,9.7,high,173.1
2026-03-17T20:00,1.249,6.9,low,110.0
2026-03-17T21:00,1.105,9.1,high,164.48
2026-03-17T22:00,1.09,7.7,medium,143.87
2026-03-17T23:00,0.953,5.7,low,83.65
2026-03-18T00:00,0.924,3.6,low,95.04
2026-03-18T01:00,0.957,5.9,low,88.98
2026-03-18T02:00,0.964,6.9,low,84.43
2026-03-18T03:00,0.841,6.0,low,89.4
2026-03-18T04:00,0.989,7.8,medium,114.35
2026-03-18T05:00,1.073,8.2,medium,101.19
2026-03-18T06:00,1.15,9.1,low,108.7
2026-03-18T07:00,1.303,10.2,high,165.5
2026-03-18T08:00,1.359,9.3,medium,135.13
2026-03-18T09:00,1.175,10.3,low,103.4
2026-03-18T10:00,1.1,11.7,high,161.8
2026-03-18T11:00,0.923,13.1,medium,119.41
2026-03-18T12:00,0.806,12.0,medium,121.63
2026-03-18T13:00,0.781,12.0,high,159.8
2026-03-18T14:00,0.853,13.9,medium,125.14
2026-03-18T15:00,0.985,12.7,medium,112.84
2026-03-18T16:00,1.126,13.8,high,147.5
2026-03-18T17:00,1.355,11.0,medium,131.44
2026-03-18T18:00,1.489,10.9,low,95.73
2026-03-18T19:00,1.371,9.1,high,173.0
2026-03-18T20:00,1.24,8.7,medium,140.88
2026-03-18T21:00,1.13,4.8,medium,154.34
2026-03-18T22:00,0.985,9.2,medium,137.47
2026-03-18T23:00,0.978,5.8,low,93.5
2026-03-19T00:00,0.875,5.3,low,80.31
2026-03-19T01:00,0.918,6.9,low,81.1
2026-03-19T02:00,0.948,8.7,medium,101.92
2026-03-19T03:00,0.981,5.4,medium,102.38
2026-03-19T04:00,0.951,8.4,high,135.33
2026-03-19T05:00,1.026,8.4,medium,112.53
2026-03-19T06:00,1.188,8.7,low,110.48
2026-03-19T07:00,1.296,8.7,high,165.93
2026-03-19T08:00,1.332,9.8,high,166.1
2026-03-19T09:00,1.245,12.0,low,98.77
2026-03-19T10:00,1.087,11.7,medium,129.36
2026-03-19T11:00,0.959,12.1,low,97.24
2026-03-19T12:00,0.823,13.1,high,153.65
2026-03-19T13:00,0.76,11.8,low,98.73
2026-03-19T14:00,0.891,10.2,low,102.65
2026-03-19T15:00,0.952,12.2,high,154.87
2026-03-19T16:00,1.161,12.4,high,149.89
2026-03-19T17:00,1.275,15.0,high,145.65
2026-03-19T18:00,1.442,9.8,low,114.89
2026-03-19T19:00,1.365,9.7,medium,138.13
2026-03-19T20:00,1.186,6.5,low,123.98
2026-03-19T21:00,1.133,8.2,medium,144.13
2026-03-19T22:00,1.006,7.4,medium,148.07
2026-03-19T23:00,0.905,9.0,low,76.63
2026-03-20T00:00,0.955,7.0,medium,117.92
2026-03-20T01:00,0.937,6.2,medium,106.41
2026-03-20T02:00,0.885,6.3,low,81.44
2026-03-20T03:00,0.975,6.3,low,81.09
2026-03-20T04:00,0.909,8.7,medium,110.1
2026-03-20T05:00,1.056,8.5,medium,117.52
2026-03-20T06:00,1.138,10.9,medium,134.12
2026-03-20T07:00,1.257,8.8,low,108.57
2026-03-20T08:00,1.272,10.6,medium,122.78
2026-03-20T09:00,1.234,9.8,medium,135.63
2026-03-20T10:00,1.08,10.7,medium,131.77
2026-03-20T11:00,0.939,11.5,low,96.77
2026-03-20T12:00,0.839,11.3,medium,130.9
2026-03-20T13:00,0.714,13.0,low,97.32
2026-03-20T14:00,0.855,13.2,medium,118.54
2026-03-20T15:00,1.044,11.8,high,154.79
2026-03-20T16:00,1.296,11.6,high,158.59
2026-03-20T17:00,1.269,12.0,high,158.33
2026-03-20T18:00,1.44,9.0,medium,128.27
2026-03-20T19:00,1.369,8.0,high,172.12
2026-03-20T20:00,1.285,9.5,low,107.03
2026-03-20T21:00,1.079,5.7,medium,145.01
2026-03-20T22:00,1.005,5.8,medium,144.21
2026-03-20T23:00,0.975,6.9,low,77.21
2026-03-21T00:00,0.778,6.9,low,83.04
2026-03-21T01:00,0.812,6.5,medium,113.28
2026-03-21T02:00,0.84,5.5,medium,114.53
2026-03-21T03:00,0.804,7.0,low,78.5
2026-03-21T04:00,0.934,7.5,high,150.1
2026-03-21T05:00,1.021,7.1,medium,118.34
2026-03-21T06:00,1.009,7.2,high,175.15
2026-03-21T07:00,1.204,8.7,low,108.87
2026-03-21T08:00,1.168,9.8,high,167.39
2026-03-21T09:00,1.133,10.8,medium,129.16
2026-03-21T10:00,0.948,11.8,low,104.17
2026-03-21T11:00,0.809,12.5,low,105.77
2026-03-21T12:00,0.755,13.1,low,99.28
2026-03-21T13:00,0.664,13.0,medium,124.77
2026-03-21T14:00,0.735,12.6,high,157.95
2026-03-21T15:00,0.869,12.6,medium,129.45
2026-03-21T16:00,1.023,12.0,high,152.5
2026-03-21T17:00,1.224,10.7,low,99.27
2026-03-21T18:00,1.34,10.7,low,105.85
2026-03-21T19:00,1.253,11.6,medium,121.1
2026-03-21T20:00,1.113,7.8,low,117.2
2026-03-21T21:00,0.993,7.3,low,105.94
2026-03-21T22:00,0.863,5.8,low,119.08
2026-03-21T23:00,0.929,6.6,high,139.37
2026-03-22T00:00,0.839,7.9,low,86.07
2026-03-22T01:00,0.812,7.1,medium,108.43
2026-03-22T02:00,0.804,9.1,medium,104.46
2026-03-22T03:00,0.813,3.1,medium,125.05
2026-03-22T04:00,0.887,7.3,low,84.69
2026-03-22T05:00,0.919,7.1,medium,112.68
2026-03-22T06:00,1.05,8.9,medium,135.78
2026-03-22T07:00,1.136,9.5,low,96.27
2026-03-22T08:00,1.22,10.5,high,158.76
2026-03-22T09:00,1.175,10.7,medium,130.01
2026-03-22T10:00,0.974,14.8,low,94.79
2026-03-22T11:00,0.755,12.5,low,98.6
2026-03-22T12:00,0.704,14.1,low,100.69
2026-03-22T13:00,0.719,12.5,low,94.78
2026-03-22T14:00,0.75,13.0,medium,124.4
2026-03-22T15:00,0.936,13.5,medium,112.4
2026-03-22T16:00,1.055,9.4,low,107.01
2026-03-22T17:00,1.257,13.3,medium,122.05
2026-03-22T18:00,1.363,9.9,low,110.69
2026-03-22T19:00,1.313,10.7,low,103.08
2026-03-22T20:00,1.152,8.0,high,173.82
2026-03-22T21:00,0.956,8.4,medium,140.36
2026-03-22T22:00,0.936,8.0,medium,139.98
2026-03-22T23:00,0.876,4.1,low,91.16
2026-03-23T00:00,0.928,7.7,low,79.04
2026-03-23T01:00,0.938,5.5,low,93.99
2026-03-23T02:00,0.944,5.0,low,95.1
2026-03-23T03:00,0.947,6.4,high,153.05
2026-03-23T04:00,1.008,8.3,high,141.87
2026-03-23T05:00,1.033,9.7,high,133.68
2026-03-23T06:00,1.146,7.2,high,171.88
2026-03-23T07:00,1.241,8.1,medium,129.86
2026-03-23T08:00,1.326,9.4,medium,128.41
2026-03-23T09:00,1.194,10.0,medium,137.42
2026-03-23T10:00,0.981,10.1,medium,123.2
2026-03-23T11:00,0.866,11.8,high,167.28
2026-03-23T12:00,0.807,12.5,medium,123.3
2026-03-23T13:00,0.811,13.0,high,156.41
2026-03-23T14:00,0.779,11.1,high,158.84
2026-03-23T15:00,1.008,11.2,medium,121.04
2026-03-23T16:00,1.22,11.7,medium,137.26
2026-03-23T17:00,1.356,10.9,medium,133.03
2026-03-23T18:00,1.475,9.5,medium,130.31
2026-03-23T19:00,1.342,8.8,medium,132.73
2026-03-23T20:00,1.261,8.9,high,171.24
2026-03-23T21:00,1.129,7.7,low,110.84
2026-03-23T22:00,1.051,8.3,medium,141.29
2026-03-23T23:00,0.943,8.6,low,84.18
2026-03-24T00:00,0.915,5.8,low,89.03
2026-03-24T01:00,0.949,5.0,low,94.18
2026-03-24T02:00,0.927,6.2,high,143.93
2026-03-24T03:00,0.95,5.7,medium,118.34
2026-03-24T04:00,0.978,5.3,medium,122.56
2026-03-24T05:00,1.054,9.4,high,128.99
2026-03-24T06:00,1.147,8.6,medium,136.49
2026-03-24T07:00,1.31,8.7,medium,137.97
2026-03-24T08:00,1.319,10.9,medium,131.33
2026-03-24T09:00,1.242,12.8,high,156.07
2026-03-24T10:00,0.99,12.2,high,162.69
2026-03-24T11:00,0.909,10.8,medium,130.01
2026-03-24T12:00,0.807,13.1,high,149.38
2026-03-24T13:00,0.821,13.4,medium,126.75
2026-03-24T14:00,0.896,11.9,medium,117.8
2026-03-24T15:00,0.987,12.0,high,150.61
2026-03-24T16:00,1.168,11.2,low,104.88
2026-03-24T17:00,1.3,10.6,medium,122.79
2026-03-24T18:00,1.43,11.9,medium,125.8
2026-03-24T19:00,1.441,12.0,low,96.09
2026-03-24T20:00,1.271,7.3,high,167.45
2026-03-24T21:00,1.147,9.4,low,103.75
2026-03-24T22:00,0.954,8.6,low,105.51
2026-03-24T23:00,1.041,6.4,low,82.66
2026-03-25T00:00,0.859,8.1,medium,114.96
2026-03-25T01:00,0.947,6.9,low,80.64
2026-03-25T02:00,0.924,4.0,medium,115.53
2026-03-25T03:00,1.033,7.1,low,84.47
2026-03-25T04:00,0.959,6.2,medium,113.88
2026-03-25T05:00,1.029,7.0,low,91.4
2026-03-25T06:00,1.199,11.7,medium,128.1
2026-03-25T07:00,1.25,10.6,high,163.86
2026-03-25T08:00,1.298,13.3,medium,116.28
2026-03-25T09:00,1.189,12.0,medium,123.45
2026-03-25T10:00,1.05,12.8,medium,117.8
2026-03-25T11:00,0.895,12.4,low,95.69
2026-03-25T12:00,0.816,12.8,medium,125.62
2026-03-25T13:00,0.79,12.9,medium,122.7
2026-03-25T14:00,0.907,12.8,high,150.6
2026-03-25T15:00,0.988,11.6,high,161.61
2026-03-25T16:00,1.235,12.1,high,154.93
2026-03-25T17:00,1.317,12.5,medium,125.9
2026-03-25T18:00,1.464,11.5,medium,125.64
2026-03-25T19:00,1.321,10.9,high,167.24
2026-03-25T20:00,1.254,10.9,medium,124.2
2026-03-25T21:00,1.155,7.5,medium,134.81
2026-03-25T22:00,1.051,10.9,high,162.11
2026-03-25T23:00,0.948,6.9,medium,113.49
2026-03-26T00:00,0.903,8.0,medium,102.33
2026-03-26T01:00,0.949,7.9,high,144.12
2026-03-26T02:00,1.018,5.4,high,156.64
2026-03-26T03:00,0.905,7.0,low,88.72
2026-03-26T04:00,0.928,7.5,high,139.57
2026-03-26T05:00,1.049,8.7,medium,102.0
2026-03-26T06:00,1.096,8.4,low,108.11
2026-03-26T07:00,1.276,9.5,medium,130.28
2026-03-26T08:00,1.303,9.0,low,100.66
2026-03-26T09:00,1.246,13.1,high,165.43
2026-03-26T10:00,1.073,11.4,medium,116.12
2026-03-26T11:00,0.927,13.2,medium,124.0
2026-03-26T12:00,0.813,12.6,medium,132.88
2026-03-26T13:00,0.733,13.3,medium,114.09
2026-03-26T14:00,0.808,14.4,high,144.62
2026-03-26T15:00,1.017,10.6,high,158.6
2026-03-26T16:00,1.173,12.8,low,104.21
2026-03-26T17:00,1.377,13.4,low,91.21
2026-03-26T18:00,1.386,12.5,high,156.09
2026-03-26T19:00,1.392,11.4,high,162.76
2026-03-26T20:00,1.295,9.0,low,104.54
2026-03-26T21:00,1.063,6.8,low,115.04
2026-03-26T22:00,0.977,8.6,medium,144.69
2026-03-26T23:00,1.02,7.9,medium,103.26
2026-03-27T00:00,0.904,6.6,medium,115.88
2026-03-27T01:00,0.869,6.0,high,144.46
2026-03-27T02:00,1.009,9.8,medium,92.52
2026-03-27T03:00,0.946,5.4,low,90.51
2026-03-27T04:00,1.005,7.7,medium,111.83
2026-03-27T05:00,1.105,9.2,low,70.37
2026-03-27T06:00,1.178,8.7,medium,124.1
2026-03-27T07:00,1.334,8.8,high,159.32
2026-03-27T08:00,1.272,10.6,medium,139.61
2026-03-27T09:00,1.22,10.5,medium,134.77
2026-03-27T10:00,1.062,11.6,high,157.15
2026-03-27T11:00,0.927,12.9,high,148.1
2026-03-27T12:00,0.848,11.6,medium,128.53
2026-03-27T13:00,0.808,12.9,low,91.91
2026-03-27T14:00,0.86,15.1,high,156.98
2026-03-27T15:00,0.986,11.2,high,156.77
2026-03-27T16:00,1.222,14.7,medium,124.05
2026-03-27T17:00,1.279,14.3,low,100.16
2026-03-27T18:00,1.525,12.0,medium,113.74
2026-03-27T19:00,1.342,9.2,low,104.11
2026-03-27T20:00,1.267,10.6,medium,137.87
2026-03-27T21:00,1.105,7.2,medium,147.24
2026-03-27T22:00,0.979,6.1,high,174.53
2026-03-27T23:00,0.931,6.6,low,82.04
2026-03-28T00:00,0.855,7.8,medium,108.2
2026-03-28T01:00,0.82,5.6,low,86.66
2026-03-28T02:00,0.822,4.9,low,83.95
2026-03-28T03:00,0.842,6.0,low,91.44
2026-03-28T04:00,0.944,8.9,medium,109.68
2026-03-28T05:00,1.009,10.1,medium,102.83
2026-03-28T06:00,1.079,8.0,medium,130.97
2026-03-28T07:00,1.143,10.3,medium,128.47
2026-03-28T08:00,1.275,10.4,low,101.39
2026-03-28T09:00,1.111,9.7,low,103.15
2026-03-28T10:00,0.986,13.0,low,86.05
2026-03-28T11:00,0.789,16.2,medium,116.35
2026-03-28T12:00,0.687,14.4,medium,118.24
2026-03-28T13:00,0.691,12.4,medium,137.0
2026-03-28T14:00,0.759,11.5,medium,119.82
2026-03-28T15:00,0.858,9.5,low,105.06
2026-03-28T16:00,1.047,12.2,low,100.21
2026-03-28T17:00,1.223,12.1,medium,129.65
2026-03-28T18:00,1.378,10.6,low,102.01
2026-03-28T19:00,1.307,9.8,low,104.69
2026-03-28T20:00,1.108,11.1,medium,132.38
2026-03-28T21:00,1.032,6.9,medium,145.93
2026-03-28T22:00,0.963,8.7,high,167.39
2026-03-28T23:00,0.832,6.2,medium,120.27
2026-03-29T00:00,0.791,6.4,low,93.03
2026-03-29T01:00,0.819,8.7,low,81.12
2026-03-29T02:00,0.836,7.6,medium,117.21
2026-03-29T03:00,0.857,6.8,low,89.71
2026-03-29T04:00,0.89,7.3,low,73.7
2026-03-29T05:00,1.014,8.2,high,141.94
2026-03-29T06:00,1.089,11.1,low,104.7
2026-03-29T07:00,1.134,8.4,high,168.04
2026-03-29T08:00,1.157,10.5,high,169.1
2026-03-29T09:00,1.198,11.0,medium,132.26
2026-03-29T10:00,1.012,12.2,medium,128.8
2026-03-29T11:00,0.783,13.1,medium,122.73
2026-03-29T12:00,0.726,13.9,low,93.11
2026-03-29T13:00,0.68,12.9,medium,108.06
2026-03-29T14:00,0.748,15.0,medium,122.84
2026-03-29T15:00,0.977,13.4,low,88.4
2026-03-29T16:00,0.995,13.8,high,154.31
2026-03-29T17:00,1.218,13.7,medium,110.06
2026-03-29T18:00,1.326,11.6,low,98.97
2026-03-29T19:00,1.21,10.5,medium,132.38
2026-03-29T20:00,1.126,8.9,high,173.48
2026-03-29T21:00,1.01,6.7,medium,142.27
2026-03-29T22:00,0.789,7.6,high,170.43
2026-03-29T23:00,0.82,5.5,medium,108.51
2026-03-30T00:00,0.908,5.4,medium,117.2
2026-03-30T01:00,0.978,9.3,high,133.77
2026-03-30T02:00,0.877,6.9,medium,120.01
2026-03-30T03:00,0.925,8.6,low,75.45
2026-03-30T04:00,1.033,9.1,medium,110.56
2026-03-30T05:00,1.039,7.9,low,86.02
2026-03-30T06:00,1.186,9.0,medium,135.58
2026-03-30T07:00,1.253,10.0,medium,136.49
2026-03-30T08:00,1.299,9.6,medium,129.15
2026-03-30T09:00,1.3,10.5,low,95.86
2026-03-30T10:00,1.023,13.0,medium,118.0
2026-03-30T11:00,0.954,12.6,low,101.91
2026-03-30T12:00,0.833,12.9,medium,127.98
2026-03-30T13:00,0.816,14.8,low,93.69
2026-03-30T14:00,0.877,14.4,low,89.36
2026-03-30T15:00,0.962,12.3,medium,127.68
2026-03-30T16:00,1.197,14.6,low,81.18
2026-03-30T17:00,1.371,12.5,medium,128.51
2026-03-30T18:00,1.387,13.0,low,96.48
2026-03-30T19:00,1.403,8.8,high,174.03
2026-03-30T20:00,1.277,10.2,medium,129.44
2026-03-30T21:00,1.095,7.4,medium,143.85
2026-03-30T22:00,1.005,7.0,medium,146.49
2026-03-30T23:00,0.926,9.6,medium,98.58
2026-03-31T00:00,0.933,7.7,low,86.63
2026-03-31T01:00,0.955,7.3,medium,106.8
2026-03-31T02:00,0.872,10.1,medium,97.81
2026-03-31T03:00,0.949,5.6,low,90.45
2026-03-31T04:00,0.998,9.3,low,78.92
2026-03-31T05:00,0.98,9.7,medium,102.96
2026-03-31T06:00,1.181,11.4,medium,125.87
2026-03-31T07:00,1.231,12.0,medium,141.48
2026-03-31T08:00,1.286,10.6,low,119.99
2026-03-31T09:00,1.249,13.2,medium,119.61
2026-03-31T10:00,1.08,12.9,medium,120.27
2026-03-31T11:00,0.962,13.3,medium,126.56
2026-03-31T12:00,0.765,13.4,medium,120.8
2026-03-31T13:00,0.82,12.9,medium,127.62
2026-03-31T14:00,0.858,13.6,low,93.94
2026-03-31T15:00,0.959,10.6,low,105.79
2026-03-31T16:00,1.204,15.4,medium,114.24
2026-03-31T17:00,1.361,13.5,high,153.82
2026-03-31T18:00,1.404,13.0,medium,123.94
2026-03-31T19:00,1.351,9.2,medium,140.49
2026-03-31T20:00,1.21,11.3,low,101.46
2026-03-31T21:00,1.101,6.5,medium,136.98
2026-03-31T22:00,1.032,9.9,high,171.01
2026-03-31T23:00,0.974,6.6,high,152.83
